subject_id;sex;age;color_blindness;experience_text_annotation;currently_studying;study_subject;study_semester;profession;experience_computer;reward;assistance_level;block_0_assistance_present;block_0_time_block;block_0_time_avg_per_annotation;block_0_correctness;block_0_total_annotations_count;block_0_correct_count;block_0_mistake_span_count;block_0_mistake_category_count;block_0_mistake_span_category_count;block_0_mistake_unnecessary_count;block_0_mistake_missed_count;block_0_questionnaire_stress;block_0_questionnaire_monotonous;block_0_questionnaire_reliability;block_0_questionnaire_correctness;block_0_total_class_0_preannotation_count;block_0_0_to_0_count;block_0_0_to_1_count;block_0_0_to_2_count;block_0_0_to_3_count;block_0_0_to_4_count;block_0_0_to_5_count;block_0_total_class_1_preannotation_count;block_0_1_to_0_count;block_0_1_to_1_count;block_0_1_to_2_count;block_0_1_to_3_count;block_0_1_to_4_count;block_0_1_to_5_count;block_0_total_class_2_preannotation_count;block_0_2_to_0_count;block_0_2_to_1_count;block_0_2_to_2_count;block_0_2_to_3_count;block_0_2_to_4_count;block_0_2_to_5_count;block_0_total_class_3_preannotation_count;block_0_3_to_0_count;block_0_3_to_1_count;block_0_3_to_2_count;block_0_3_to_3_count;block_0_3_to_4_count;block_0_3_to_5_count;block_0_total_class_4_preannotation_count;block_0_4_to_0_count;block_0_4_to_1_count;block_0_4_to_2_count;block_0_4_to_3_count;block_0_4_to_4_count;block_0_4_to_5_count;block_0_total_class_5_preannotation_count;block_0_5_to_0_count;block_0_5_to_1_count;block_0_5_to_2_count;block_0_5_to_3_count;block_0_5_to_4_count;block_0_5_to_5_count;block_0_additional_class_4_mistake_count;block_1_assistance_present;block_1_time_block;block_1_time_avg_per_annotation;block_1_correctness;block_1_total_annotations_count;block_1_correct_count;block_1_mistake_span_count;block_1_mistake_category_count;block_1_mistake_span_category_count;block_1_mistake_unnecessary_count;block_1_mistake_missed_count;block_1_questionnaire_stress;block_1_questionnaire_monotonous;block_1_questionnaire_reliability;block_1_questionnaire_correctness;block_1_total_class_0_preannotation_count;block_1_0_to_0_count;block_1_0_to_1_count;block_1_0_to_2_count;block_1_0_to_3_count;block_1_0_to_4_count;block_1_0_to_5_count;block_1_total_class_1_preannotation_count;block_1_1_to_0_count;block_1_1_to_1_count;block_1_1_to_2_count;block_1_1_to_3_count;block_1_1_to_4_count;block_1_1_to_5_count;block_1_total_class_2_preannotation_count;block_1_2_to_0_count;block_1_2_to_1_count;block_1_2_to_2_count;block_1_2_to_3_count;block_1_2_to_4_count;block_1_2_to_5_count;block_1_total_class_3_preannotation_count;block_1_3_to_0_count;block_1_3_to_1_count;block_1_3_to_2_count;block_1_3_to_3_count;block_1_3_to_4_count;block_1_3_to_5_count;block_1_total_class_4_preannotation_count;block_1_4_to_0_count;block_1_4_to_1_count;block_1_4_to_2_count;block_1_4_to_3_count;block_1_4_to_4_count;block_1_4_to_5_count;block_1_total_class_5_preannotation_count;block_1_5_to_0_count;block_1_5_to_1_count;block_1_5_to_2_count;block_1_5_to_3_count;block_1_5_to_4_count;block_1_5_to_5_count;block_1_additional_class_4_mistake_count;block_2_assistance_present;block_2_time_block;block_2_time_avg_per_annotation;block_2_correctness;block_2_total_annotations_count;block_2_correct_count;block_2_mistake_span_count;block_2_mistake_category_count;block_2_mistake_span_category_count;block_2_mistake_unnecessary_count;block_2_mistake_missed_count;block_2_questionnaire_stress;block_2_questionnaire_monotonous;block_2_questionnaire_reliability;block_2_questionnaire_correctness;block_2_total_class_0_preannotation_count;block_2_0_to_0_count;block_2_0_to_1_count;block_2_0_to_2_count;block_2_0_to_3_count;block_2_0_to_4_count;block_2_0_to_5_count;block_2_total_class_1_preannotation_count;block_2_1_to_0_count;block_2_1_to_1_count;block_2_1_to_2_count;block_2_1_to_3_count;block_2_1_to_4_count;block_2_1_to_5_count;block_2_total_class_2_preannotation_count;block_2_2_to_0_count;block_2_2_to_1_count;block_2_2_to_2_count;block_2_2_to_3_count;block_2_2_to_4_count;block_2_2_to_5_count;block_2_total_class_3_preannotation_count;block_2_3_to_0_count;block_2_3_to_1_count;block_2_3_to_2_count;block_2_3_to_3_count;block_2_3_to_4_count;block_2_3_to_5_count;block_2_total_class_4_preannotation_count;block_2_4_to_0_count;block_2_4_to_1_count;block_2_4_to_2_count;block_2_4_to_3_count;block_2_4_to_4_count;block_2_4_to_5_count;block_2_total_class_5_preannotation_count;block_2_5_to_0_count;block_2_5_to_1_count;block_2_5_to_2_count;block_2_5_to_3_count;block_2_5_to_4_count;block_2_5_to_5_count;block_2_additional_class_4_mistake_count;block_3_assistance_present;block_3_time_block;block_3_time_avg_per_annotation;block_3_correctness;block_3_total_annotations_count;block_3_correct_count;block_3_mistake_span_count;block_3_mistake_category_count;block_3_mistake_span_category_count;block_3_mistake_unnecessary_count;block_3_mistake_missed_count;block_3_questionnaire_stress;block_3_questionnaire_monotonous;block_3_questionnaire_reliability;block_3_questionnaire_correctness;block_3_total_class_0_preannotation_count;block_3_0_to_0_count;block_3_0_to_1_count;block_3_0_to_2_count;block_3_0_to_3_count;block_3_0_to_4_count;block_3_0_to_5_count;block_3_total_class_1_preannotation_count;block_3_1_to_0_count;block_3_1_to_1_count;block_3_1_to_2_count;block_3_1_to_3_count;block_3_1_to_4_count;block_3_1_to_5_count;block_3_total_class_2_preannotation_count;block_3_2_to_0_count;block_3_2_to_1_count;block_3_2_to_2_count;block_3_2_to_3_count;block_3_2_to_4_count;block_3_2_to_5_count;block_3_total_class_3_preannotation_count;block_3_3_to_0_count;block_3_3_to_1_count;block_3_3_to_2_count;block_3_3_to_3_count;block_3_3_to_4_count;block_3_3_to_5_count;block_3_total_class_4_preannotation_count;block_3_4_to_0_count;block_3_4_to_1_count;block_3_4_to_2_count;block_3_4_to_3_count;block_3_4_to_4_count;block_3_4_to_5_count;block_3_total_class_5_preannotation_count;block_3_5_to_0_count;block_3_5_to_1_count;block_3_5_to_2_count;block_3_5_to_3_count;block_3_5_to_4_count;block_3_5_to_5_count;block_3_additional_class_4_mistake_count;assistance_no_assistance_correctness_difference_block_0_1;assistance_no_assistance_time_difference_block_0_1;assistance_no_assistance_correct_time_difference_block_0_1;assistance_no_assistance_misses_ratio_difference_block_0_1;assistance_no_assistance_correctness_difference_block_2_3;assistance_no_assistance_time_difference_block_2_3;assistance_no_assistance_correct_time_difference_block_2_3;assistance_no_assistance_misses_ratio_difference_block_2_3
0;NOT DISCLOSED;NOT DISCLOSED;NOT DISCLOSED;NOT DISCLOSED;NOT DISCLOSED;NOT DISCLOSED;NOT DISCLOSED;NOT DISCLOSED;NOT DISCLOSED;NOT DISCLOSED;10;False;783;10.302632;97.368421;76;74;1;0;0;1;1;5;4;;;0;0;0;0;0;0;0;0;0;0;0;0;0;0;0;0;0;0;0;0;0;0;0;0;0;0;0;0;0;0;0;0;0;0;0;76;74;1;0;0;0;1;1;True;697;9.051948;88.311688;77;68;3;5;0;6;1;5;3;4;37;9;8;1;0;0;0;0;13;12;0;0;0;0;1;5;4;0;1;0;0;0;0;0;0;0;0;0;0;2;2;0;0;0;0;0;50;44;2;4;0;0;0;6;False;584;7.487179;97.435897;78;76;1;0;0;2;1;5;5;;;0;0;0;0;0;0;0;0;0;0;0;0;0;0;0;0;0;0;0;0;0;0;0;0;0;0;0;0;0;0;0;0;0;0;0;78;76;1;0;0;0;1;2;True;586;7.417722;93.670886;79;74;5;0;0;10;0;6;6;3;44;8;8;0;0;0;0;0;14;12;2;0;0;0;0;5;5;0;0;0;0;0;0;0;0;0;0;0;0;2;2;0;0;0;0;0;52;49;3;0;0;0;0;10;-9.056732999999994;-1.2506839999999997;-0.3310809999999993;-0.00017088174982911666;-3.765011000000001;-0.06945699999999988;0.23470799999999947;-0.01282051282051282
1;NOT DISCLOSED;NOT DISCLOSED;NOT DISCLOSED;NOT DISCLOSED;NOT DISCLOSED;NOT DISCLOSED;NOT DISCLOSED;NOT DISCLOSED;NOT DISCLOSED;NOT DISCLOSED;50;True;637;8.272727;80.519481;77;62;5;2;0;4;7;3;5;5;47;39;37;0;0;0;0;2;6;3;3;0;0;0;0;2;1;0;1;0;0;0;0;0;0;0;0;0;0;2;1;0;0;0;1;0;29;21;2;1;0;0;5;3;False;493;6.402597;88.311688;77;68;3;0;1;1;5;3;3;;;0;0;0;0;0;0;0;0;0;0;0;0;0;0;0;0;0;0;0;0;0;0;0;0;0;0;0;0;0;0;0;0;0;0;0;77;68;3;0;1;0;5;1;True;407;5.0875;71.25;80;57;5;2;0;3;14;3;2;3;45;40;38;2;0;0;0;0;7;4;2;0;0;0;1;3;2;0;1;0;0;0;0;0;0;0;0;0;0;1;1;0;0;0;0;0;28;13;1;1;0;0;13;3;False;455;5.759494;78.481013;79;62;8;0;0;7;9;3;3;;;0;0;0;0;0;0;0;0;0;0;0;0;0;0;0;0;0;0;0;0;0;0;0;0;0;0;0;0;0;0;0;0;0;0;0;79;62;8;0;0;0;9;7;-7.792207000000005;1.8701299999999996;3.0241939999999996;0.025974025974025983;-7.231013000000004;-0.6719939999999998;-0.19835899999999995;0.0610759493670886
2;NOT DISCLOSED;NOT DISCLOSED;NOT DISCLOSED;NOT DISCLOSED;NOT DISCLOSED;NOT DISCLOSED;NOT DISCLOSED;NOT DISCLOSED;NOT DISCLOSED;NOT DISCLOSED;90;False;735;9.545455;97.402597;77;75;0;0;0;3;1;2;2;;;0;0;0;0;0;0;0;0;0;0;0;0;0;0;0;0;0;0;0;0;0;0;0;0;0;0;0;0;0;0;0;0;0;0;0;76;75;0;0;0;0;1;3;True;574;7.358974;93.589744;78;73;1;0;0;1;3;4;2;4;71;69;66;0;0;0;0;3;2;1;1;0;0;0;0;1;1;0;0;0;0;0;0;0;0;0;0;0;0;0;0;0;0;0;0;0;5;5;0;0;0;0;0;1;False;564;7.05;93.75;80;75;0;0;0;1;3;4;2;;;0;0;0;0;0;0;0;0;0;0;0;0;0;0;0;0;0;0;0;0;0;0;0;0;0;0;0;0;0;0;0;0;0;0;0;78;75;0;0;0;0;3;1;True;414;4.813953;83.72093;86;72;3;3;0;4;1;4;2;4;61;72;68;1;3;0;0;0;1;0;0;0;0;0;1;0;0;0;0;0;0;0;0;0;0;0;0;0;0;1;1;0;0;0;0;0;6;4;2;0;0;0;0;4;-3.812853000000004;-2.1864810000000006;-1.936986000000001;0.025474525474525476;-10.029070000000004;-2.236047;-1.7699999999999996;-0.025872093023255813
3;NOT DISCLOSED;NOT DISCLOSED;NOT DISCLOSED;NOT DISCLOSED;NOT DISCLOSED;NOT DISCLOSED;NOT DISCLOSED;NOT DISCLOSED;NOT DISCLOSED;NOT DISCLOSED;10;True;762;9.896104;88.311688;77;68;2;1;0;4;5;2;3;4;33;7;7;0;0;0;0;0;14;11;2;0;0;0;1;5;4;0;1;0;0;0;0;0;0;0;0;0;0;2;2;0;0;0;0;0;50;46;0;0;0;0;4;4;False;532;6.820513;94.871795;78;74;0;1;0;4;2;2;2;;;0;0;0;0;0;0;0;0;0;0;0;0;0;0;0;0;0;0;0;0;0;0;0;0;0;0;0;0;0;0;0;0;0;0;0;77;74;0;1;0;0;2;4;True;665;8.3125;82.5;80;66;2;0;0;3;10;3;3;2;22;7;5;0;0;0;0;2;15;13;2;0;0;0;0;5;4;0;0;0;0;1;0;0;0;0;0;0;0;2;2;0;0;0;0;0;51;44;0;0;0;0;7;3;False;533;6.197674;87.209302;86;75;3;0;0;5;1;2;4;;;0;0;0;0;0;0;0;0;0;0;0;0;0;0;0;0;0;0;0;0;0;0;0;0;0;0;0;0;0;0;0;0;0;0;0;79;75;3;0;0;0;1;5;-6.560107000000002;3.0755909999999993;4.016693000000001;0.03929403929403929;-4.709301999999994;2.114826;2.9690910000000006;0.11337209302325582
4;NOT DISCLOSED;NOT DISCLOSED;NOT DISCLOSED;NOT DISCLOSED;NOT DISCLOSED;NOT DISCLOSED;NOT DISCLOSED;NOT DISCLOSED;NOT DISCLOSED;NOT DISCLOSED;50;False;1319;17.12987;88.311688;77;68;6;0;0;20;2;5;3;;;0;0;0;0;0;0;0;0;0;0;0;0;0;0;0;0;0;0;0;0;0;0;0;0;0;0;0;0;0;0;0;0;0;0;0;76;68;6;0;0;0;2;20;True;829;10.628205;93.589744;78;73;2;0;1;7;1;5;4;2;31;38;36;0;0;1;0;1;9;7;2;0;0;0;0;2;2;0;0;0;0;0;0;0;0;0;0;0;0;1;1;0;0;0;0;0;28;28;0;0;0;0;0;7;False;1065;13.3125;72.5;80;58;15;0;2;10;3;4;6;;;0;0;0;0;0;0;0;0;0;0;0;0;0;0;0;0;0;0;0;0;0;0;0;0;0;0;0;0;0;0;0;0;0;0;0;78;58;15;0;2;0;3;10;True;837;9.732558;81.395349;86;70;4;4;0;7;1;2;7;5;70;39;38;1;0;0;0;0;7;4;3;0;0;0;0;3;1;0;2;0;0;0;0;0;0;0;0;0;0;1;1;0;0;0;0;0;30;27;0;2;0;0;1;7;5.278055999999992;-6.501665000000001;-8.040894999999999;-0.013153513153513156;8.895348999999996;-3.579942000000001;-6.4049260000000015;-0.025872093023255813
5;NOT DISCLOSED;NOT DISCLOSED;NOT DISCLOSED;NOT DISCLOSED;NOT DISCLOSED;NOT DISCLOSED;NOT DISCLOSED;NOT DISCLOSED;NOT DISCLOSED;NOT DISCLOSED;90;True;553;7.181818;97.402597;77;75;1;0;0;0;0;4;3;5;75;68;68;0;0;0;0;0;1;1;0;0;0;0;0;0;0;0;0;0;0;0;0;0;0;0;0;0;0;1;1;0;0;0;0;0;7;6;1;0;0;0;0;0;False;675;8.653846;91.025641;78;71;2;0;0;1;4;4;3;;;0;0;0;0;0;0;0;0;0;0;0;0;0;0;0;0;0;0;0;0;0;0;0;0;0;0;0;0;0;0;0;0;0;0;0;77;71;2;0;0;0;4;1;True;488;6.1;95.0;80;76;1;1;0;2;0;4;3;5;70;70;70;0;0;0;0;0;1;0;1;0;0;0;0;1;0;0;1;0;0;0;0;0;0;0;0;0;0;1;0;0;0;0;1;0;6;6;0;0;0;0;0;1;False;604;7.023256;87.209302;86;75;3;0;0;7;1;4;3;;;0;0;0;0;0;0;0;0;0;0;0;0;0;0;0;0;0;0;0;0;0;0;0;0;0;0;0;0;0;0;0;0;0;0;0;79;75;3;0;0;0;1;7;6.376956000000007;-1.472028;-2.1337090000000005;-0.05128205128205128;7.790698000000006;-0.9232560000000003;-1.6322800000000006;-0.011627906976744186
6;NOT DISCLOSED;NOT DISCLOSED;NOT DISCLOSED;NOT DISCLOSED;NOT DISCLOSED;NOT DISCLOSED;NOT DISCLOSED;NOT DISCLOSED;NOT DISCLOSED;NOT DISCLOSED;10;False;707;9.181818;88.311688;77;68;0;0;0;0;8;3;3;;;0;0;0;0;0;0;0;0;0;0;0;0;0;0;0;0;0;0;0;0;0;0;0;0;0;0;0;0;0;0;0;0;0;0;0;76;68;0;0;0;0;8;0;True;675;8.653846;71.794872;78;56;3;4;0;2;14;4;3;2;85;9;8;0;0;0;0;1;13;7;3;1;0;0;2;5;4;0;1;0;0;0;0;0;0;0;0;0;0;2;2;0;0;0;0;0;50;37;0;2;0;0;11;2;False;603;7.5375;62.5;80;50;13;0;0;0;15;5;3;;;0;0;0;0;0;0;0;0;0;0;0;0;0;0;0;0;0;0;0;0;0;0;0;0;0;0;0;0;0;0;0;0;0;0;0;78;50;13;0;0;0;15;0;True;557;6.476744;67.44186;86;58;5;2;2;4;12;5;3;4;70;8;7;0;0;0;0;1;14;10;1;1;0;0;2;5;4;0;1;0;0;0;0;0;0;0;0;0;0;2;2;0;0;0;0;0;52;37;4;0;2;0;9;4;-16.516816000000006;-0.5279720000000001;1.6565119999999993;0.07559107559107558;4.9418600000000055;-1.0607559999999996;-2.4565520000000003;-0.04796511627906977
7;NOT DISCLOSED;NOT DISCLOSED;NOT DISCLOSED;NOT DISCLOSED;NOT DISCLOSED;NOT DISCLOSED;NOT DISCLOSED;NOT DISCLOSED;NOT DISCLOSED;NOT DISCLOSED;50;True;499;6.480519;88.311688;77;68;2;3;0;6;3;6;3;3;80;39;38;0;1;0;0;0;6;4;2;0;0;0;0;2;0;0;2;0;0;0;0;0;0;0;0;0;0;2;1;0;0;0;1;0;29;26;0;0;0;0;3;5;False;445;5.705128;93.589744;78;73;0;1;0;2;3;6;2;;;0;0;0;0;0;0;0;0;0;0;0;0;0;0;0;0;0;0;0;0;0;0;0;0;0;0;0;0;0;0;0;0;0;0;0;77;73;0;1;0;0;3;2;True;430;5.375;93.75;80;75;2;0;0;5;1;5;5;3;81;40;40;0;0;0;0;0;7;7;0;0;0;0;0;3;3;0;0;0;0;0;0;0;0;0;0;0;0;1;1;0;0;0;0;0;28;25;2;0;0;0;1;5;False;406;4.72093;83.72093;86;72;5;0;0;6;2;4;5;;;0;0;0;0;0;0;0;0;0;0;0;0;0;0;0;0;0;0;0;0;0;0;0;0;0;0;0;0;0;0;0;0;0;0;0;79;72;5;0;0;0;2;6;-5.278055999999992;0.7753909999999999;1.2423450000000003;0.0004995004995004965;10.029070000000004;0.6540699999999999;0.0944440000000002;-0.010755813953488371
8;NOT DISCLOSED;NOT DISCLOSED;NOT DISCLOSED;NOT DISCLOSED;NOT DISCLOSED;NOT DISCLOSED;NOT DISCLOSED;NOT DISCLOSED;NOT DISCLOSED;NOT DISCLOSED;90;False;575;7.467532;94.805195;77;73;2;0;0;8;1;4;3;;;0;0;0;0;0;0;0;0;0;0;0;0;0;0;0;0;0;0;0;0;0;0;0;0;0;0;0;0;0;0;0;0;0;0;0;76;73;2;0;0;0;1;8;True;483;6.192308;92.307692;78;72;1;1;0;4;3;3;3;5;93;69;65;1;1;0;0;2;2;2;0;0;0;0;0;1;1;0;0;0;0;0;0;0;0;0;0;0;0;0;0;0;0;0;0;0;5;4;0;0;0;0;1;4;False;453;5.6625;90.0;80;72;0;0;0;4;6;4;5;;;0;0;0;0;0;0;0;0;0;0;0;0;0;0;0;0;0;0;0;0;0;0;0;0;0;0;0;0;0;0;0;0;0;0;0;78;72;0;0;0;0;6;4;True;351;4.081395;89.534884;86;77;2;0;0;5;0;3;4;6;94;72;70;2;0;0;0;0;1;1;0;0;0;0;0;0;0;0;0;0;0;0;0;0;0;0;0;0;0;1;1;0;0;0;0;0;6;6;0;0;0;0;0;5;-2.4975029999999947;-1.2752240000000006;-1.1683790000000007;0.025474525474525476;-0.46511599999999476;-1.581105;-1.733225;-0.075
9;NOT DISCLOSED;NOT DISCLOSED;NOT DISCLOSED;NOT DISCLOSED;NOT DISCLOSED;NOT DISCLOSED;NOT DISCLOSED;NOT DISCLOSED;NOT DISCLOSED;NOT DISCLOSED;10;True;839;10.896104;93.506494;77;72;4;0;0;2;0;2;5;2;30;7;7;0;0;0;0;0;14;13;1;0;0;0;0;5;5;0;0;0;0;0;0;0;0;0;0;0;0;2;2;0;0;0;0;0;50;47;3;0;0;0;0;2;False;742;9.512821;93.589744;78;73;1;0;0;4;3;2;5;;;0;0;0;0;0;0;0;0;0;0;0;0;0;0;0;0;0;0;0;0;0;0;0;0;0;0;0;0;0;0;0;0;0;0;0;77;73;1;0;0;0;3;4;True;540;6.75;90.0;80;72;3;2;0;1;1;2;5;2;25;7;7;0;0;0;0;0;15;15;0;0;0;0;0;5;3;0;2;0;0;0;0;0;0;0;0;0;0;2;2;0;0;0;0;0;51;47;3;0;0;0;1;1;False;527;6.127907;66.27907;86;57;5;2;0;6;15;2;5;;;0;0;0;0;0;0;0;0;0;0;0;0;0;0;0;0;0;0;0;0;0;0;0;0;0;0;0;0;0;0;0;0;0;0;0;79;57;5;2;0;0;15;6;-0.0832499999999925;1.3832829999999987;1.4883939999999996;-0.038461538461538464;23.720929999999996;0.6220929999999996;-1.7456139999999998;-0.16191860465116278
10;NOT DISCLOSED;NOT DISCLOSED;NOT DISCLOSED;NOT DISCLOSED;NOT DISCLOSED;NOT DISCLOSED;NOT DISCLOSED;NOT DISCLOSED;NOT DISCLOSED;NOT DISCLOSED;50;False;598;7.766234;83.116883;77;64;7;0;0;13;5;4;1;;;0;0;0;0;0;0;0;0;0;0;0;0;0;0;0;0;0;0;0;0;0;0;0;0;0;0;0;0;0;0;0;0;0;0;0;76;64;7;0;0;0;5;13;True;424;5.435897;89.74359;78;70;2;2;0;3;3;5;3;4;60;38;38;0;0;0;0;0;9;8;0;0;0;0;1;2;0;0;2;0;0;0;0;0;0;0;0;0;0;1;1;0;0;0;0;0;28;24;2;0;0;0;2;3;False;494;6.175;76.25;80;61;1;0;0;3;16;5;4;;;0;0;0;0;0;0;0;0;0;0;0;0;0;0;0;0;0;0;0;0;0;0;0;0;0;0;0;0;0;0;0;0;0;0;0;78;61;1;0;0;0;16;3;True;419;4.872093;82.55814;86;71;3;3;0;6;2;4;3;5;70;39;37;1;1;0;0;0;7;6;1;0;0;0;0;3;3;0;0;0;0;0;0;0;0;0;0;0;0;1;0;0;0;0;1;0;30;25;1;2;0;0;2;5;6.626706999999996;-2.330337;-3.286607;-0.026473526473526465;6.3081399999999945;-1.3029070000000003;-2.1969530000000006;-0.17674418604651165
11;NOT DISCLOSED;NOT DISCLOSED;NOT DISCLOSED;NOT DISCLOSED;NOT DISCLOSED;NOT DISCLOSED;NOT DISCLOSED;NOT DISCLOSED;NOT DISCLOSED;NOT DISCLOSED;90;True;353;4.584416;97.402597;77;75;0;1;0;0;0;2;5;6;90;68;67;0;1;0;0;0;1;1;0;0;0;0;0;0;0;0;0;0;0;0;0;0;0;0;0;0;0;1;1;0;0;0;0;0;7;7;0;0;0;0;0;0;False;534;6.846154;91.025641;78;71;0;3;0;1;3;6;7;;;0;0;0;0;0;0;0;0;0;0;0;0;0;0;0;0;0;0;0;0;0;0;0;0;0;0;0;0;0;0;0;0;0;0;0;77;71;0;3;0;0;3;1;True;325;4.0625;93.75;80;75;1;1;0;4;1;2;2;7;98;70;70;0;0;0;0;0;1;0;1;0;0;0;0;1;0;0;1;0;0;0;0;0;0;0;0;0;0;1;1;0;0;0;0;0;6;5;0;0;0;0;1;4;False;483;5.616279;84.883721;86;73;3;1;0;7;2;6;5;;;0;0;0;0;0;0;0;0;0;0;0;0;0;0;0;0;0;0;0;0;0;0;0;0;0;0;0;0;0;0;0;0;0;0;0;79;73;3;1;0;0;2;7;6.376956000000007;-2.2617380000000002;-2.8144599999999995;-0.038461538461538464;8.866279000000006;-1.5537789999999996;-2.283105;-0.010755813953488371
12;NOT DISCLOSED;NOT DISCLOSED;NOT DISCLOSED;NOT DISCLOSED;NOT DISCLOSED;NOT DISCLOSED;NOT DISCLOSED;NOT DISCLOSED;NOT DISCLOSED;NOT DISCLOSED;10;False;745;9.675325;80.519481;77;62;4;1;0;3;9;4;4;;;0;0;0;0;0;0;0;0;0;0;0;0;0;0;0;0;0;0;0;0;0;0;0;0;0;0;0;0;0;0;0;0;0;0;0;76;62;4;1;0;0;9;3;True;949;12.166667;84.615385;78;66;2;1;0;1;8;4;5;2;40;9;8;0;0;0;0;1;13;10;1;0;0;0;2;5;5;0;0;0;0;0;0;0;0;0;0;0;0;2;2;0;0;0;0;0;50;43;1;1;0;0;5;1;False;844;10.55;63.75;80;51;7;1;0;0;19;4;5;;;0;0;0;0;0;0;0;0;0;0;0;0;0;0;0;0;0;0;0;0;0;0;0;0;0;0;0;0;0;0;0;0;0;0;0;78;51;7;1;0;0;19;0;True;675;7.848837;75.581395;86;65;4;2;0;2;8;4;5;3;40;8;8;0;0;0;0;0;14;13;1;0;0;0;0;5;4;1;0;0;0;0;0;0;0;0;0;0;0;2;2;0;0;0;0;0;52;40;2;2;0;0;8;2;4.095904000000004;2.4913419999999995;2.3626590000000007;-0.01431901431901432;11.831395;-2.701163000000001;-6.164404999999999;-0.1444767441860465
13;NOT DISCLOSED;NOT DISCLOSED;NOT DISCLOSED;NOT DISCLOSED;NOT DISCLOSED;NOT DISCLOSED;NOT DISCLOSED;NOT DISCLOSED;NOT DISCLOSED;NOT DISCLOSED;50;True;874;11.350649;87.012987;77;67;3;0;0;0;6;6;4;3;80;39;37;0;0;0;0;2;6;2;2;0;0;0;2;2;2;0;0;0;0;0;0;0;0;0;0;0;0;2;2;0;0;0;0;0;29;26;1;0;0;0;2;0;False;818;10.487179;93.589744;78;73;1;0;0;0;3;4;2;;;0;0;0;0;0;0;0;0;0;0;0;0;0;0;0;0;0;0;0;0;0;0;0;0;0;0;0;0;0;0;0;0;0;0;0;77;73;1;0;0;0;3;0;True;904;11.3;88.75;80;71;1;0;0;0;6;3;3;4;75;40;39;0;0;0;0;1;7;5;1;0;0;0;1;3;2;0;0;0;0;1;0;0;0;0;0;0;0;1;1;0;0;0;0;0;28;25;0;0;0;0;3;0;False;770;8.953488;86.046512;86;74;3;1;0;3;1;3;3;;;0;0;0;0;0;0;0;0;0;0;0;0;0;0;0;0;0;0;0;0;0;0;0;0;0;0;0;0;0;0;0;0;0;0;0;79;74;3;1;0;0;1;3;-6.576757000000001;0.8634700000000013;1.8392970000000002;0.03946053946053946;2.703487999999993;2.3465120000000006;2.3269889999999993;0.0633720930232558
14;NOT DISCLOSED;NOT DISCLOSED;NOT DISCLOSED;NOT DISCLOSED;NOT DISCLOSED;NOT DISCLOSED;NOT DISCLOSED;NOT DISCLOSED;NOT DISCLOSED;NOT DISCLOSED;90;False;815;10.584416;80.519481;77;62;8;0;0;9;6;3;5;;;0;0;0;0;0;0;0;0;0;0;0;0;0;0;0;0;0;0;0;0;0;0;0;0;0;0;0;0;0;0;0;0;0;0;0;76;62;8;0;0;0;6;9;True;676;8.666667;96.153846;78;75;0;0;1;6;1;2;4;3;82;69;68;0;0;1;0;0;2;2;0;0;0;0;0;1;1;0;0;0;0;0;0;0;0;0;0;0;0;0;0;0;0;0;0;0;5;4;0;0;0;0;1;6;False;698;8.725;83.75;80;67;5;0;2;5;4;2;4;;;0;0;0;0;0;0;0;0;0;0;0;0;0;0;0;0;0;0;0;0;0;0;0;0;0;0;0;0;0;0;0;0;0;0;0;78;67;5;0;2;0;4;5;True;617;7.174419;83.72093;86;72;4;1;2;13;0;3;4;4;78;72;66;4;0;2;0;0;1;1;0;0;0;0;0;0;0;0;0;0;0;0;0;0;0;0;0;0;0;1;1;0;0;0;0;0;6;5;0;1;0;0;0;13;15.634365000000003;-1.9177489999999988;-4.1318280000000005;-0.0651015651015651;-0.02907000000000437;-1.5505809999999993;-1.8484659999999984;-0.05
15;NOT DISCLOSED;NOT DISCLOSED;NOT DISCLOSED;NOT DISCLOSED;NOT DISCLOSED;NOT DISCLOSED;NOT DISCLOSED;NOT DISCLOSED;NOT DISCLOSED;NOT DISCLOSED;10;True;487;6.324675;89.61039;77;69;4;0;0;2;3;6;5;3;33;7;6;1;0;0;0;0;14;12;2;0;0;0;0;5;5;0;0;0;0;0;0;0;0;0;0;0;0;2;2;0;0;0;0;0;50;46;1;0;0;0;3;2;False;496;6.358974;84.615385;78;66;2;3;0;1;6;7;6;;;0;0;0;0;0;0;0;0;0;0;0;0;0;0;0;0;0;0;0;0;0;0;0;0;0;0;0;0;0;0;0;0;0;0;0;77;66;2;3;0;0;6;1;True;642;8.025;71.25;80;57;1;1;0;2;19;6;6;4;45;7;7;0;0;0;0;0;15;11;1;0;0;0;3;5;5;0;0;0;0;0;0;0;0;0;0;0;0;2;2;0;0;0;0;0;51;34;0;1;0;0;16;2;False;443;5.151163;73.255814;86;63;3;0;0;5;13;7;6;;;0;0;0;0;0;0;0;0;0;0;0;0;0;0;0;0;0;0;0;0;0;0;0;0;0;0;0;0;0;0;0;0;0;0;0;79;63;3;0;0;0;13;5;4.995004999999992;-0.03429899999999986;-0.4571809999999994;-0.03796203796203797;-2.005814000000001;2.873837;4.231412000000001;0.08633720930232558
16;NOT DISCLOSED;NOT DISCLOSED;NOT DISCLOSED;NOT DISCLOSED;NOT DISCLOSED;NOT DISCLOSED;NOT DISCLOSED;NOT DISCLOSED;NOT DISCLOSED;NOT DISCLOSED;50;False;766;9.948052;89.61039;77;69;2;1;0;6;4;5;3;;;0;0;0;0;0;0;0;0;0;0;0;0;0;0;0;0;0;0;0;0;0;0;0;0;0;0;0;0;0;0;0;0;0;0;0;76;69;2;1;0;0;4;6;True;582;7.461538;89.74359;78;70;3;0;0;1;4;5;4;3;75;38;37;0;0;0;0;1;9;7;2;0;0;0;0;2;1;0;0;0;0;1;0;0;0;0;0;0;0;1;1;0;0;0;0;0;28;25;1;0;0;0;2;1;False;881;11.0125;92.5;80;74;0;0;0;6;4;4;3;;;0;0;0;0;0;0;0;0;0;0;0;0;0;0;0;0;0;0;0;0;0;0;0;0;0;0;0;0;0;0;0;0;0;0;0;78;74;0;0;0;0;4;6;True;583;6.77907;81.395349;86;70;4;1;0;6;4;3;3;5;75;39;39;0;0;0;0;0;7;5;2;0;0;0;0;3;1;0;1;0;0;1;0;0;0;0;0;0;0;1;1;0;0;0;0;0;30;25;2;0;0;0;3;6;0.1332000000000022;-2.4865140000000006;-2.7871630000000014;-0.0006660006660006712;-11.104651000000004;-4.233429999999999;-3.576834;-0.0034883720930232592
17;NOT DISCLOSED;NOT DISCLOSED;NOT DISCLOSED;NOT DISCLOSED;NOT DISCLOSED;NOT DISCLOSED;NOT DISCLOSED;NOT DISCLOSED;NOT DISCLOSED;NOT DISCLOSED;90;True;632;8.207792;92.207792;77;71;0;2;0;1;3;4;3;6;86;68;64;0;2;0;0;2;1;1;0;0;0;0;0;0;0;0;0;0;0;0;0;0;0;0;0;0;0;1;1;0;0;0;0;0;7;6;0;0;0;0;1;1;False;725;9.294872;91.025641;78;71;2;1;1;2;2;4;2;;;0;0;0;0;0;0;0;0;0;0;0;0;0;0;0;0;0;0;0;0;0;0;0;0;0;0;0;0;0;0;0;0;0;0;0;77;71;2;1;1;0;2;2;True;529;6.6125;85.0;80;68;6;0;2;7;2;4;3;5;73;70;60;6;0;2;0;2;1;1;0;0;0;0;0;1;1;0;0;0;0;0;0;0;0;0;0;0;0;1;1;0;0;0;0;0;6;6;0;0;0;0;0;7;False;619;7.197674;83.72093;86;72;3;0;0;4;4;5;3;;;0;0;0;0;0;0;0;0;0;0;0;0;0;0;0;0;0;0;0;0;0;0;0;0;0;0;0;0;0;0;0;0;0;0;0;79;72;3;0;0;0;4;4;1.1821510000000046;-1.0870800000000003;-1.3098600000000005;0.01332001332001332;1.2790700000000044;-0.5851740000000003;-0.8178100000000006;-0.021511627906976742
18;NOT DISCLOSED;NOT DISCLOSED;NOT DISCLOSED;NOT DISCLOSED;NOT DISCLOSED;NOT DISCLOSED;NOT DISCLOSED;NOT DISCLOSED;NOT DISCLOSED;NOT DISCLOSED;10;False;1229;15.961039;97.402597;77;75;1;0;0;2;0;3;7;;;0;0;0;0;0;0;0;0;0;0;0;0;0;0;0;0;0;0;0;0;0;0;0;0;0;0;0;0;0;0;0;0;0;0;0;76;75;1;0;0;0;0;2;True;1067;13.679487;93.589744;78;73;1;1;0;1;2;3;6;2;40;9;9;0;0;0;0;0;13;11;1;0;0;0;1;5;4;0;1;0;0;0;0;0;0;0;0;0;0;2;2;0;0;0;0;0;50;49;0;0;0;0;1;1;False;880;11.0;88.75;80;71;3;0;0;0;4;3;6;;;0;0;0;0;0;0;0;0;0;0;0;0;0;0;0;0;0;0;0;0;0;0;0;0;0;0;0;0;0;0;0;0;0;0;0;78;71;3;0;0;0;4;0;True;731;8.5;77.906977;86;67;8;3;0;3;1;3;6;4;57;8;8;0;0;0;0;0;14;9;4;1;0;0;0;5;4;1;0;0;0;0;0;0;0;0;0;0;0;2;2;0;0;0;0;0;52;46;3;2;0;0;1;3;-3.812853000000004;-2.2815519999999996;-1.7702289999999987;0.02564102564102564;-10.843023000000002;-2.5;-1.4839179999999992;-0.03837209302325582
19;NOT DISCLOSED;NOT DISCLOSED;NOT DISCLOSED;NOT DISCLOSED;NOT DISCLOSED;NOT DISCLOSED;NOT DISCLOSED;NOT DISCLOSED;NOT DISCLOSED;NOT DISCLOSED;50;True;715;9.285714;79.220779;77;61;0;1;0;0;14;5;3;3;35;39;31;0;0;0;0;8;6;5;0;1;0;0;0;2;2;0;0;0;0;0;0;0;0;0;0;0;0;2;2;0;0;0;0;0;29;23;0;0;0;0;6;0;False;450;5.769231;84.615385;78;66;0;0;0;1;11;7;7;;;0;0;0;0;0;0;0;0;0;0;0;0;0;0;0;0;0;0;0;0;0;0;0;0;0;0;0;0;0;0;0;0;0;0;0;77;66;0;0;0;0;11;1;True;457;5.7125;60.0;80;48;3;0;0;0;27;5;6;4;40;40;30;1;0;0;0;9;7;4;0;0;0;0;3;3;2;1;0;0;0;0;0;0;0;0;0;0;0;1;1;0;0;0;0;0;28;12;1;0;0;0;15;0;False;620;7.209302;56.976744;86;49;4;0;0;2;26;7;7;;;0;0;0;0;0;0;0;0;0;0;0;0;0;0;0;0;0;0;0;0;0;0;0;0;0;0;0;0;0;0;0;0;0;0;0;79;49;4;0;0;0;26;2;-5.39460600000001;3.516483;4.903129;0.0407925407925408;3.0232560000000035;-1.4968019999999997;-3.1322279999999996;0.0351744186046512
20;NOT DISCLOSED;NOT DISCLOSED;NOT DISCLOSED;NOT DISCLOSED;NOT DISCLOSED;NOT DISCLOSED;NOT DISCLOSED;NOT DISCLOSED;NOT DISCLOSED;NOT DISCLOSED;90;False;602;7.818182;87.012987;77;67;1;0;0;0;8;2;5;;;0;0;0;0;0;0;0;0;0;0;0;0;0;0;0;0;0;0;0;0;0;0;0;0;0;0;0;0;0;0;0;0;0;0;0;76;67;1;0;0;0;8;0;True;447;5.730769;89.74359;78;70;3;1;0;1;3;2;5;4;78;69;64;3;0;0;0;2;2;2;0;0;0;0;0;1;0;0;1;0;0;0;0;0;0;0;0;0;0;0;0;0;0;0;0;0;5;4;0;0;0;0;1;1;False;543;6.7875;72.5;80;58;5;0;0;3;15;4;3;;;0;0;0;0;0;0;0;0;0;0;0;0;0;0;0;0;0;0;0;0;0;0;0;0;0;0;0;0;0;0;0;0;0;0;0;78;58;5;0;0;0;15;3;True;386;4.488372;89.534884;86;77;1;0;0;4;1;3;5;6;91;72;71;1;0;0;0;0;1;1;0;0;0;0;0;0;0;0;0;0;0;0;0;0;0;0;0;0;0;1;1;0;0;0;0;0;6;5;0;0;0;0;1;4;2.730603000000002;-2.0874130000000006;-2.599361;-0.06543456543456544;17.034884000000005;-2.2991279999999996;-4.349082;-0.17587209302325582
21;NOT DISCLOSED;NOT DISCLOSED;NOT DISCLOSED;NOT DISCLOSED;NOT DISCLOSED;NOT DISCLOSED;NOT DISCLOSED;NOT DISCLOSED;NOT DISCLOSED;NOT DISCLOSED;10;True;595;7.727273;85.714286;77;66;2;1;0;1;7;2;5;3;30;7;7;0;0;0;0;0;14;12;1;0;0;0;1;5;4;0;1;0;0;0;0;0;0;0;0;0;0;2;2;0;0;0;0;0;50;43;1;0;0;0;6;1;False;464;5.948718;94.871795;78;74;0;0;0;4;3;3;5;;;0;0;0;0;0;0;0;0;0;0;0;0;0;0;0;0;0;0;0;0;0;0;0;0;0;0;0;0;0;0;0;0;0;0;0;77;74;0;0;0;0;3;4;True;486;6.075;77.5;80;62;1;0;0;0;15;3;5;5;64;7;7;0;0;0;0;0;15;15;0;0;0;0;0;5;5;0;0;0;0;0;0;0;0;0;0;0;0;2;2;0;0;0;0;0;51;35;1;0;0;0;15;0;False;457;5.313953;84.883721;86;73;3;1;0;1;2;3;5;;;0;0;0;0;0;0;0;0;0;0;0;0;0;0;0;0;0;0;0;0;0;0;0;0;0;0;0;0;0;0;0;0;0;0;0;79;73;3;1;0;0;2;1;-9.157509000000005;1.7785549999999999;2.7448820000000005;0.05244755244755245;-7.383720999999994;0.7610470000000005;1.578436;0.16424418604651164
22;NOT DISCLOSED;NOT DISCLOSED;NOT DISCLOSED;NOT DISCLOSED;NOT DISCLOSED;NOT DISCLOSED;NOT DISCLOSED;NOT DISCLOSED;NOT DISCLOSED;NOT DISCLOSED;50;False;867;11.25974;40.25974;77;31;31;0;0;45;14;4;3;;;0;0;0;0;0;0;0;0;0;0;0;0;0;0;0;0;0;0;0;0;0;0;0;0;0;0;0;0;0;0;0;0;0;0;0;76;31;31;0;0;0;14;45;True;564;7.230769;79.487179;78;62;11;1;0;13;3;5;3;3;36;38;38;0;0;0;0;0;9;7;2;0;0;0;0;2;2;0;0;0;0;0;0;0;0;0;0;0;0;1;1;0;0;0;0;0;28;15;9;1;0;0;3;13;False;674;8.425;46.25;80;37;29;3;0;37;9;5;3;;;0;0;0;0;0;0;0;0;0;0;0;0;0;0;0;0;0;0;0;0;0;0;0;0;0;0;0;0;0;0;0;0;0;0;0;78;37;29;3;0;0;9;37;True;584;6.790698;60.465116;86;52;17;3;0;27;7;5;3;3;43;39;35;0;1;0;0;3;7;2;4;0;0;0;1;3;2;0;1;0;0;0;0;0;0;0;0;0;0;1;1;0;0;0;0;0;30;13;13;1;0;0;3;27;39.227439;-4.028971000000001;-18.870968;-0.14335664335664336;14.215116000000002;-1.6343020000000008;-6.985446999999999;-0.031104651162790695
23;NOT DISCLOSED;NOT DISCLOSED;NOT DISCLOSED;NOT DISCLOSED;NOT DISCLOSED;NOT DISCLOSED;NOT DISCLOSED;NOT DISCLOSED;NOT DISCLOSED;NOT DISCLOSED;90;True;595;7.727273;92.207792;77;71;0;0;0;6;5;5;5;4;77;68;64;0;0;0;0;4;1;1;0;0;0;0;0;0;0;0;0;0;0;0;0;0;0;0;0;0;0;1;1;0;0;0;0;0;7;6;0;0;0;0;1;6;False;661;8.474359;93.589744;78;73;0;2;0;5;2;5;2;;;0;0;0;0;0;0;0;0;0;0;0;0;0;0;0;0;0;0;0;0;0;0;0;0;0;0;0;0;0;0;0;0;0;0;0;77;73;0;2;0;0;2;5;True;638;7.975;87.5;80;70;2;1;0;1;5;5;4;4;81;70;63;2;0;0;0;5;1;1;0;0;0;0;0;1;0;0;1;0;0;0;0;0;0;0;0;0;0;1;1;0;0;0;0;0;6;6;0;0;0;0;0;1;False;729;8.476744;83.72093;86;72;6;1;0;4;0;4;4;;;0;0;0;0;0;0;0;0;0;0;0;0;0;0;0;0;0;0;0;0;0;0;0;0;0;0;0;0;0;0;0;0;0;0;0;79;72;6;1;0;0;0;4;-1.3819519999999983;-0.7470859999999995;-0.674513000000001;0.03929403929403929;3.7790700000000044;-0.5017440000000004;-1.0107140000000001;0.0625
24;NOT DISCLOSED;NOT DISCLOSED;NOT DISCLOSED;NOT DISCLOSED;NOT DISCLOSED;NOT DISCLOSED;NOT DISCLOSED;NOT DISCLOSED;NOT DISCLOSED;NOT DISCLOSED;10;False;732;9.506494;88.311688;77;68;3;0;0;7;5;2;2;;;0;0;0;0;0;0;0;0;0;0;0;0;0;0;0;0;0;0;0;0;0;0;0;0;0;0;0;0;0;0;0;0;0;0;0;76;68;3;0;0;0;5;7;True;661;8.474359;88.461538;78;69;3;1;1;2;3;2;2;1;20;9;9;0;0;0;0;0;13;12;1;0;0;0;0;5;5;0;0;0;0;0;0;0;0;0;0;0;0;2;2;0;0;0;0;0;50;43;2;1;1;0;3;2;False;502;6.275;75.0;80;60;0;0;2;1;16;2;2;;;0;0;0;0;0;0;0;0;0;0;0;0;0;0;0;0;0;0;0;0;0;0;0;0;0;0;0;0;0;0;0;0;0;0;0;78;60;0;0;2;0;16;1;True;464;5.395349;81.395349;86;70;3;1;0;2;5;3;3;1;6;8;8;0;0;0;0;0;14;10;3;0;0;0;1;5;5;0;0;0;0;0;0;0;0;0;0;0;0;2;1;0;0;0;1;0;52;47;0;1;0;0;4;1;0.1498500000000007;-1.0321350000000002;-1.184996;-0.026473526473526465;6.395348999999996;-0.879651;-1.7380959999999996;-0.1418604651162791
25;NOT DISCLOSED;NOT DISCLOSED;NOT DISCLOSED;NOT DISCLOSED;NOT DISCLOSED;NOT DISCLOSED;NOT DISCLOSED;NOT DISCLOSED;NOT DISCLOSED;NOT DISCLOSED;50;True;1011;13.12987;84.415584;77;65;0;0;0;0;11;4;2;5;75;39;35;0;0;0;0;4;6;6;0;0;0;0;0;2;1;0;0;0;0;1;0;0;0;0;0;0;0;2;2;0;0;0;0;0;29;23;0;0;0;0;6;0;False;749;9.602564;94.871795;78;74;0;0;0;0;3;6;6;;;0;0;0;0;0;0;0;0;0;0;0;0;0;0;0;0;0;0;0;0;0;0;0;0;0;0;0;0;0;0;0;0;0;0;0;77;74;0;0;0;0;3;0;True;558;6.975;86.25;80;69;3;1;0;0;5;4;3;6;85;40;39;0;0;0;0;1;7;7;0;0;0;0;0;3;2;0;1;0;0;0;0;0;0;0;0;0;0;1;1;0;0;0;0;0;28;21;3;0;0;0;4;0;False;554;6.44186;83.72093;86;72;3;0;0;4;4;7;5;;;0;0;0;0;0;0;0;0;0;0;0;0;0;0;0;0;0;0;0;0;0;0;0;0;0;0;0;0;0;0;0;0;0;0;0;79;72;3;0;0;0;4;4;-10.45621100000001;3.527306000000001;5.432224;0.10439560439560439;2.5290700000000044;0.5331399999999995;0.3925130000000001;0.015988372093023256
26;NOT DISCLOSED;NOT DISCLOSED;NOT DISCLOSED;NOT DISCLOSED;NOT DISCLOSED;NOT DISCLOSED;NOT DISCLOSED;NOT DISCLOSED;NOT DISCLOSED;NOT DISCLOSED;90;False;695;9.025974;89.61039;77;69;1;0;0;7;6;4;5;;;0;0;0;0;0;0;0;0;0;0;0;0;0;0;0;0;0;0;0;0;0;0;0;0;0;0;0;0;0;0;0;0;0;0;0;76;69;1;0;0;0;6;7;True;659;8.448718;93.589744;78;73;1;0;0;5;3;3;5;5;78;69;67;0;0;0;0;2;2;1;1;0;0;0;0;1;1;0;0;0;0;0;0;0;0;0;0;0;0;0;0;0;0;0;0;0;5;4;0;0;0;0;1;5;False;615;7.6875;82.5;80;66;3;0;0;4;9;6;3;;;0;0;0;0;0;0;0;0;0;0;0;0;0;0;0;0;0;0;0;0;0;0;0;0;0;0;0;0;0;0;0;0;0;0;0;78;66;3;0;0;0;9;4;True;595;6.918605;86.046512;86;74;5;0;0;5;0;6;3;6;88;72;68;4;0;0;0;0;1;1;0;0;0;0;0;0;0;0;0;0;0;0;0;0;0;0;0;0;0;1;1;0;0;0;0;0;6;5;1;0;0;0;0;5;3.9793540000000007;-0.5772560000000002;-1.0450669999999995;-0.03946053946053946;3.546512000000007;-0.7688949999999997;-1.277641000000001;-0.1125
27;NOT DISCLOSED;NOT DISCLOSED;NOT DISCLOSED;NOT DISCLOSED;NOT DISCLOSED;NOT DISCLOSED;NOT DISCLOSED;NOT DISCLOSED;NOT DISCLOSED;NOT DISCLOSED;10;True;666;8.649351;92.207792;77;71;4;0;0;0;1;3;3;2;24;7;7;0;0;0;0;0;14;10;4;0;0;0;0;5;5;0;0;0;0;0;0;0;0;0;0;0;0;2;2;0;0;0;0;0;50;49;0;0;0;0;1;0;False;637;8.166667;92.307692;78;72;4;0;0;5;1;3;3;;;0;0;0;0;0;0;0;0;0;0;0;0;0;0;0;0;0;0;0;0;0;0;0;0;0;0;0;0;0;0;0;0;0;0;0;77;72;4;0;0;0;1;5;True;840;10.5;87.5;80;70;2;0;0;1;6;3;3;2;11;7;7;0;0;0;0;0;15;13;2;0;0;0;0;5;5;0;0;0;0;0;0;0;0;0;0;0;0;2;2;0;0;0;0;0;51;45;0;0;0;0;6;1;False;546;6.348837;86.046512;86;74;3;0;0;5;2;5;2;;;0;0;0;0;0;0;0;0;0;0;0;0;0;0;0;0;0;0;0;0;0;0;0;0;0;0;0;0;0;0;0;0;0;0;0;79;74;3;0;0;0;2;5;-0.0999000000000052;0.482683999999999;0.533059999999999;0.0001665001665001678;1.453487999999993;4.151163;4.621622;0.051744186046511625
28;NOT DISCLOSED;NOT DISCLOSED;NOT DISCLOSED;NOT DISCLOSED;NOT DISCLOSED;NOT DISCLOSED;NOT DISCLOSED;NOT DISCLOSED;NOT DISCLOSED;NOT DISCLOSED;50;False;457;5.935065;88.311688;77;68;1;0;0;4;7;2;3;;;0;0;0;0;0;0;0;0;0;0;0;0;0;0;0;0;0;0;0;0;0;0;0;0;0;0;0;0;0;0;0;0;0;0;0;76;68;1;0;0;0;7;4;True;509;6.525641;89.74359;78;70;4;0;0;1;3;3;3;6;30;38;38;0;0;0;0;0;9;8;1;0;0;0;0;2;2;0;0;0;0;0;0;0;0;0;0;0;0;1;1;0;0;0;0;0;28;22;3;0;0;0;3;1;False;749;9.3625;81.25;80;65;0;0;0;4;13;3;3;;;0;0;0;0;0;0;0;0;0;0;0;0;0;0;0;0;0;0;0;0;0;0;0;0;0;0;0;0;0;0;0;0;0;0;0;78;65;0;0;0;0;13;4;True;480;5.581395;87.209302;86;75;2;0;0;6;2;4;3;3;33;39;39;0;0;0;0;0;7;7;0;0;0;0;0;3;3;0;0;0;0;0;0;0;0;0;0;0;0;1;1;0;0;0;0;0;30;26;2;0;0;0;2;6;1.4319019999999938;0.5905760000000004;0.5508410000000001;-0.05244755244755245;5.959301999999994;-3.781105000000001;-5.123077;-0.13924418604651162
29;NOT DISCLOSED;NOT DISCLOSED;NOT DISCLOSED;NOT DISCLOSED;NOT DISCLOSED;NOT DISCLOSED;NOT DISCLOSED;NOT DISCLOSED;NOT DISCLOSED;NOT DISCLOSED;90;True;382;4.961039;89.61039;77;69;2;0;0;1;5;4;2;6;92;68;66;0;0;0;0;2;1;0;1;0;0;0;0;0;0;0;0;0;0;0;0;0;0;0;0;0;0;1;1;0;0;0;0;0;7;3;1;0;0;0;3;1;False;501;6.423077;58.974359;78;46;4;10;1;0;16;7;1;;;0;0;0;0;0;0;0;0;0;0;0;0;0;0;0;0;0;0;0;0;0;0;0;0;0;0;0;0;0;0;0;0;0;0;0;77;46;4;10;1;0;16;0;True;288;3.6;85.0;80;68;3;0;0;0;7;7;1;5;79;70;67;1;0;0;0;2;1;0;0;0;0;0;1;1;0;0;0;0;0;1;0;0;0;0;0;0;0;1;1;0;0;0;0;0;6;1;2;0;0;0;3;0;False;416;4.837209;61.627907;86;53;4;1;0;5;21;7;2;;;0;0;0;0;0;0;0;0;0;0;0;0;0;0;0;0;0;0;0;0;0;0;0;0;0;0;0;0;0;0;0;0;0;0;0;79;53;4;1;0;0;21;5;30.636030999999996;-1.4620379999999997;-5.355072;-0.1401931401931402;23.372093;-1.2372089999999996;-3.6137630000000005;-0.1566860465116279
30;NOT DISCLOSED;NOT DISCLOSED;NOT DISCLOSED;NOT DISCLOSED;NOT DISCLOSED;NOT DISCLOSED;NOT DISCLOSED;NOT DISCLOSED;NOT DISCLOSED;NOT DISCLOSED;10;False;719;9.337662;92.207792;77;71;1;0;0;2;4;2;5;;;0;0;0;0;0;0;0;0;0;0;0;0;0;0;0;0;0;0;0;0;0;0;0;0;0;0;0;0;0;0;0;0;0;0;0;76;71;1;0;0;0;4;2;True;729;9.346154;87.179487;78;68;7;0;0;7;2;4;5;3;25;9;9;0;0;0;0;0;13;12;1;0;0;0;0;5;5;0;0;0;0;0;0;0;0;0;0;0;0;2;2;0;0;0;0;0;50;42;6;0;0;0;2;7;False;693;8.6625;70.0;80;56;0;0;0;1;22;4;5;;;0;0;0;0;0;0;0;0;0;0;0;0;0;0;0;0;0;0;0;0;0;0;0;0;0;0;0;0;0;0;0;0;0;0;0;78;56;0;0;0;0;22;1;True;681;7.918605;74.418605;86;64;3;3;0;2;9;5;5;2;15;8;7;0;0;0;0;1;14;11;0;0;0;0;3;5;2;1;2;0;0;0;0;0;0;0;0;0;0;2;2;0;0;0;0;0;52;44;2;1;0;0;5;2;-5.028305000000003;0.008492000000000388;0.5938269999999992;-0.02630702630702631;4.4186049999999994;-0.7438949999999993;-1.734375;-0.17034883720930233
31;NOT DISCLOSED;NOT DISCLOSED;NOT DISCLOSED;NOT DISCLOSED;NOT DISCLOSED;NOT DISCLOSED;NOT DISCLOSED;NOT DISCLOSED;NOT DISCLOSED;NOT DISCLOSED;50;True;578;7.506494;93.506494;77;72;1;1;0;0;2;5;3;6;75;39;38;0;0;0;0;1;6;5;1;0;0;0;0;2;1;0;1;0;0;0;0;0;0;0;0;0;0;2;2;0;0;0;0;0;29;28;0;0;0;0;1;0;False;548;7.025641;89.74359;78;70;1;0;0;1;6;6;2;;;0;0;0;0;0;0;0;0;0;0;0;0;0;0;0;0;0;0;0;0;0;0;0;0;0;0;0;0;0;0;0;0;0;0;0;77;70;1;0;0;0;6;1;True;434;5.425;90.0;80;72;1;1;0;1;4;6;3;2;23;40;40;0;0;0;0;0;7;7;0;0;0;0;0;3;2;0;1;0;0;0;0;0;0;0;0;0;0;1;1;0;0;0;0;0;28;23;1;0;0;0;4;1;False;483;5.616279;75.581395;86;65;1;0;0;3;13;6;2;;;0;0;0;0;0;0;0;0;0;0;0;0;0;0;0;0;0;0;0;0;0;0;0;0;0;0;0;0;0;0;0;0;0;0;0;79;65;1;0;0;0;13;3;3.762904000000006;0.48085299999999975;0.19920699999999947;-0.05094905094905095;14.418605;-0.19127899999999975;-1.402991;-0.1011627906976744
32;NOT DISCLOSED;NOT DISCLOSED;NOT DISCLOSED;NOT DISCLOSED;NOT DISCLOSED;NOT DISCLOSED;NOT DISCLOSED;NOT DISCLOSED;NOT DISCLOSED;NOT DISCLOSED;90;False;641;8.324675;84.415584;77;65;4;7;0;7;0;1;2;;;0;0;0;0;0;0;0;0;0;0;0;0;0;0;0;0;0;0;0;0;0;0;0;0;0;0;0;0;0;0;0;0;0;0;0;76;65;4;7;0;0;0;7;True;447;5.730769;97.435897;78;76;0;0;0;5;1;2;5;2;83;69;68;0;0;0;0;1;2;2;0;0;0;0;0;1;1;0;0;0;0;0;0;0;0;0;0;0;0;0;0;0;0;0;0;0;5;5;0;0;0;0;0;5;False;456;5.7;82.5;80;66;10;0;0;8;2;3;6;;;0;0;0;0;0;0;0;0;0;0;0;0;0;0;0;0;0;0;0;0;0;0;0;0;0;0;0;0;0;0;0;0;0;0;0;78;66;10;0;0;0;2;8;True;318;3.697674;89.534884;86;77;2;0;0;6;0;3;7;5;90;72;71;1;0;0;0;0;1;1;0;0;0;0;0;0;0;0;0;0;0;0;0;0;0;0;0;0;0;1;1;0;0;0;0;0;6;5;1;0;0;0;0;6;13.020313000000002;-2.5939059999999996;-3.979958999999999;0.01282051282051282;7.034884000000005;-2.002326;-2.7792209999999997;-0.025
33;NOT DISCLOSED;NOT DISCLOSED;NOT DISCLOSED;NOT DISCLOSED;NOT DISCLOSED;NOT DISCLOSED;NOT DISCLOSED;NOT DISCLOSED;NOT DISCLOSED;NOT DISCLOSED;10;True;857;11.12987;96.103896;77;74;1;1;0;2;0;6;2;1;29;7;7;0;0;0;0;0;14;14;0;0;0;0;0;5;4;0;1;0;0;0;0;0;0;0;0;0;0;2;2;0;0;0;0;0;50;49;1;0;0;0;0;2;False;657;8.423077;96.153846;78;75;1;0;0;4;1;5;2;;;0;0;0;0;0;0;0;0;0;0;0;0;0;0;0;0;0;0;0;0;0;0;0;0;0;0;0;0;0;0;0;0;0;0;0;77;75;1;0;0;0;1;4;True;569;7.1125;90.0;80;72;3;1;0;1;2;5;1;2;32;7;7;0;0;0;0;0;15;13;2;0;0;0;0;5;5;0;0;0;0;0;0;0;0;0;0;0;0;2;2;0;0;0;0;0;51;47;1;1;0;0;2;1;False;481;5.593023;86.046512;86;74;5;0;0;7;0;6;3;;;0;0;0;0;0;0;0;0;0;0;0;0;0;0;0;0;0;0;0;0;0;0;0;0;0;0;0;0;0;0;0;0;0;0;0;79;74;5;0;0;0;0;7;-0.0499499999999955;2.706793000000001;2.8210809999999995;-0.01282051282051282;3.953487999999993;1.5194770000000002;1.4027779999999996;0.025
34;NOT DISCLOSED;NOT DISCLOSED;NOT DISCLOSED;NOT DISCLOSED;NOT DISCLOSED;NOT DISCLOSED;NOT DISCLOSED;NOT DISCLOSED;NOT DISCLOSED;NOT DISCLOSED;50;False;608;7.896104;85.714286;77;66;2;0;0;3;8;5;3;;;0;0;0;0;0;0;0;0;0;0;0;0;0;0;0;0;0;0;0;0;0;0;0;0;0;0;0;0;0;0;0;0;0;0;0;76;66;2;0;0;0;8;3;True;654;8.384615;93.589744;78;73;1;1;0;0;2;6;4;2;20;38;37;0;0;0;0;1;9;7;1;0;0;0;1;2;1;0;1;0;0;0;0;0;0;0;0;0;0;1;1;0;0;0;0;0;28;28;0;0;0;0;0;0;False;674;8.425;90.0;80;72;1;0;0;1;5;6;5;;;0;0;0;0;0;0;0;0;0;0;0;0;0;0;0;0;0;0;0;0;0;0;0;0;0;0;0;0;0;0;0;0;0;0;0;78;72;1;0;0;0;5;1;True;543;6.313953;84.883721;86;73;3;2;0;2;1;7;5;1;10;39;38;0;0;0;0;1;7;5;2;0;0;0;0;3;1;0;2;0;0;0;0;0;0;0;0;0;0;1;1;0;0;0;0;0;30;29;1;0;0;0;0;2;7.875457999999995;0.4885109999999999;-0.25321699999999936;-0.07825507825507827;-5.116279000000006;-2.111047000000001;-1.9227549999999995;-0.050872093023255814
35;NOT DISCLOSED;NOT DISCLOSED;NOT DISCLOSED;NOT DISCLOSED;NOT DISCLOSED;NOT DISCLOSED;NOT DISCLOSED;NOT DISCLOSED;NOT DISCLOSED;NOT DISCLOSED;90;True;604;7.844156;94.805195;77;73;3;0;0;1;0;3;3;3;71;68;66;2;0;0;0;0;1;1;0;0;0;0;0;0;0;0;0;0;0;0;0;0;0;0;0;0;0;1;1;0;0;0;0;0;7;6;1;0;0;0;0;1;False;483;6.192308;91.025641;78;71;3;0;0;2;3;4;4;;;0;0;0;0;0;0;0;0;0;0;0;0;0;0;0;0;0;0;0;0;0;0;0;0;0;0;0;0;0;0;0;0;0;0;0;77;71;3;0;0;0;3;2;True;502;6.275;95.0;80;76;0;1;0;5;1;3;2;4;90;70;68;0;1;0;0;1;1;1;0;0;0;0;0;1;1;0;0;0;0;0;0;0;0;0;0;0;0;1;1;0;0;0;0;0;6;6;0;0;0;0;0;5;False;435;5.05814;83.72093;86;72;3;1;0;5;3;3;2;;;0;0;0;0;0;0;0;0;0;0;0;0;0;0;0;0;0;0;0;0;0;0;0;0;0;0;0;0;0;0;0;0;0;0;0;79;72;3;1;0;0;3;5;3.7795540000000045;1.6518480000000002;1.4711559999999997;-0.038461538461538464;11.279070000000004;1.2168600000000005;0.5635959999999995;-0.022383720930232557
36;NOT DISCLOSED;NOT DISCLOSED;NOT DISCLOSED;NOT DISCLOSED;NOT DISCLOSED;NOT DISCLOSED;NOT DISCLOSED;NOT DISCLOSED;NOT DISCLOSED;NOT DISCLOSED;10;False;1056;13.714286;89.61039;77;69;1;1;0;4;5;5;6;;;0;0;0;0;0;0;0;0;0;0;0;0;0;0;0;0;0;0;0;0;0;0;0;0;0;0;0;0;0;0;0;0;0;0;0;76;69;1;1;0;0;5;4;True;646;8.282051;88.461538;78;69;4;1;1;2;2;7;5;3;50;9;9;0;0;0;0;0;13;10;3;0;0;0;0;5;4;0;1;0;0;0;0;0;0;0;0;0;0;2;2;0;0;0;0;0;50;46;1;0;1;0;2;2;False;577;7.2125;82.5;80;66;1;0;2;2;9;6;5;;;0;0;0;0;0;0;0;0;0;0;0;0;0;0;0;0;0;0;0;0;0;0;0;0;0;0;0;0;0;0;0;0;0;0;0;78;66;1;0;2;0;9;2;True;650;7.55814;87.209302;86;75;2;0;0;2;2;6;5;4;50;8;8;0;0;0;0;0;14;13;1;0;0;0;0;5;5;0;0;0;0;0;0;0;0;0;0;0;0;2;2;0;0;0;0;0;52;49;1;0;0;0;2;2;-1.1488519999999909;-5.432235;-5.942029;-0.03929403929403929;4.709301999999994;0.3456399999999995;-0.07575699999999941;-0.08924418604651163
37;NOT DISCLOSED;NOT DISCLOSED;NOT DISCLOSED;NOT DISCLOSED;NOT DISCLOSED;NOT DISCLOSED;NOT DISCLOSED;NOT DISCLOSED;NOT DISCLOSED;NOT DISCLOSED;50;True;589;7.649351;90.909091;77;70;1;0;0;4;5;3;2;5;58;39;35;1;0;0;0;3;6;5;0;0;0;0;1;2;2;0;0;0;0;0;0;0;0;0;0;0;0;2;2;0;0;0;0;0;29;28;0;0;0;0;1;4;False;861;11.038462;74.358974;78;58;7;2;0;2;10;2;3;;;0;0;0;0;0;0;0;0;0;0;0;0;0;0;0;0;0;0;0;0;0;0;0;0;0;0;0;0;0;0;0;0;0;0;0;77;58;7;2;0;0;10;2;True;531;6.6375;88.75;80;71;1;0;0;5;6;4;2;6;69;40;39;0;0;0;0;1;7;6;1;0;0;0;0;3;3;0;0;0;0;0;0;0;0;0;0;0;0;1;1;0;0;0;0;0;28;23;0;0;0;0;5;5;False;478;5.55814;80.232558;86;69;1;0;0;4;9;4;3;;;0;0;0;0;0;0;0;0;0;0;0;0;0;0;0;0;0;0;0;0;0;0;0;0;0;0;0;0;0;0;0;0;0;0;0;79;69;1;0;0;0;9;4;16.550117;-3.3891110000000007;-6.430541999999999;-0.06327006327006326;8.517442000000003;1.0793600000000003;0.5513370000000002;-0.029651162790697683
38;NOT DISCLOSED;NOT DISCLOSED;NOT DISCLOSED;NOT DISCLOSED;NOT DISCLOSED;NOT DISCLOSED;NOT DISCLOSED;NOT DISCLOSED;NOT DISCLOSED;NOT DISCLOSED;90;False;415;5.38961;87.012987;77;67;1;0;0;2;8;3;6;;;0;0;0;0;0;0;0;0;0;0;0;0;0;0;0;0;0;0;0;0;0;0;0;0;0;0;0;0;0;0;0;0;0;0;0;76;67;1;0;0;0;8;2;True;256;3.282051;93.589744;78;73;1;0;0;0;3;3;5;6;90;69;67;0;0;0;0;2;2;1;1;0;0;0;0;1;1;0;0;0;0;0;0;0;0;0;0;0;0;0;0;0;0;0;0;0;5;4;0;0;0;0;1;0;False;393;4.9125;70.0;80;56;3;0;0;1;19;6;5;;;0;0;0;0;0;0;0;0;0;0;0;0;0;0;0;0;0;0;0;0;0;0;0;0;0;0;0;0;0;0;0;0;0;0;0;78;56;3;0;0;0;19;1;True;302;3.511628;68.604651;86;59;5;0;0;1;15;5;5;5;80;72;55;5;0;0;0;12;1;1;0;0;0;0;0;0;0;0;0;0;0;0;0;0;0;0;0;0;0;1;1;0;0;0;0;0;6;3;0;0;0;0;3;1;6.576757000000001;-2.107559;-2.687181;-0.06543456543456544;-1.395348999999996;-1.4008719999999997;-1.8992130000000005;-0.0630813953488372
39;NOT DISCLOSED;NOT DISCLOSED;NOT DISCLOSED;NOT DISCLOSED;NOT DISCLOSED;NOT DISCLOSED;NOT DISCLOSED;NOT DISCLOSED;NOT DISCLOSED;NOT DISCLOSED;10;True;765;9.935065;90.909091;77;70;4;0;0;15;2;3;5;4;65;7;7;0;0;0;0;0;14;11;3;0;0;0;0;5;5;0;0;0;0;0;0;0;0;0;0;0;0;2;2;0;0;0;0;0;50;47;1;0;0;0;2;15;False;681;8.730769;94.871795;78;74;3;0;0;7;0;5;3;;;0;0;0;0;0;0;0;0;0;0;0;0;0;0;0;0;0;0;0;0;0;0;0;0;0;0;0;0;0;0;0;0;0;0;0;77;74;3;0;0;0;0;7;True;546;6.825;90.0;80;72;4;1;0;3;1;3;4;2;21;7;7;0;0;0;0;0;15;12;3;0;0;0;0;5;5;0;0;0;0;0;0;0;0;0;0;0;0;2;2;0;0;0;0;0;51;48;1;1;0;0;1;3;False;690;8.023256;82.55814;86;71;1;2;3;8;2;4;3;;;0;0;0;0;0;0;0;0;0;0;0;0;0;0;0;0;0;0;0;0;0;0;0;0;0;0;0;0;0;0;0;0;0;0;0;79;71;1;2;3;0;2;8;-3.9627040000000022;1.2042959999999994;1.7258680000000002;0.025974025974025976;7.4418600000000055;-1.1982559999999998;-2.134977000000001;-0.010755813953488371
40;NOT DISCLOSED;NOT DISCLOSED;NOT DISCLOSED;NOT DISCLOSED;NOT DISCLOSED;NOT DISCLOSED;NOT DISCLOSED;NOT DISCLOSED;NOT DISCLOSED;NOT DISCLOSED;50;False;1044;13.558442;83.116883;77;64;1;0;0;7;11;4;6;;;0;0;0;0;0;0;0;0;0;0;0;0;0;0;0;0;0;0;0;0;0;0;0;0;0;0;0;0;0;0;0;0;0;0;0;76;64;1;0;0;0;11;7;True;661;8.474359;91.025641;78;71;1;0;0;0;5;2;6;2;31;38;36;0;0;0;0;2;9;7;1;0;0;0;1;2;2;0;0;0;0;0;0;0;0;0;0;0;0;1;1;0;0;0;0;0;28;26;0;0;0;0;2;0;False;715;8.9375;70.0;80;56;3;0;0;0;19;3;7;;;0;0;0;0;0;0;0;0;0;0;0;0;0;0;0;0;0;0;0;0;0;0;0;0;0;0;0;0;0;0;0;0;0;0;0;78;56;3;0;0;0;19;0;True;632;7.348837;65.116279;86;56;8;0;0;3;15;2;6;4;60;39;29;5;0;0;0;5;7;6;0;0;0;0;1;3;3;0;0;0;0;0;0;0;0;0;0;0;0;1;1;0;0;0;0;0;30;18;3;0;0;0;9;3;7.908757999999992;-5.084083;-7.002641000000001;-0.07875457875457875;-4.883720999999994;-1.5886630000000004;-1.4821429999999989;-0.0630813953488372
41;NOT DISCLOSED;NOT DISCLOSED;NOT DISCLOSED;NOT DISCLOSED;NOT DISCLOSED;NOT DISCLOSED;NOT DISCLOSED;NOT DISCLOSED;NOT DISCLOSED;NOT DISCLOSED;90;True;468;6.077922;97.402597;77;75;0;1;0;0;0;4;4;6;84;68;67;0;1;0;0;0;1;1;0;0;0;0;0;0;0;0;0;0;0;0;0;0;0;0;0;0;0;1;1;0;0;0;0;0;7;7;0;0;0;0;0;0;False;507;6.5;97.435897;78;76;0;0;0;1;1;6;3;;;0;0;0;0;0;0;0;0;0;0;0;0;0;0;0;0;0;0;0;0;0;0;0;0;0;0;0;0;0;0;0;0;0;0;0;77;76;0;0;0;0;1;1;True;372;4.65;95.0;80;76;0;0;0;4;2;4;2;6;88;70;70;0;0;0;0;0;1;1;0;0;0;0;0;1;1;0;0;0;0;0;0;0;0;0;0;0;0;1;0;0;0;0;1;0;6;4;0;0;0;0;2;3;False;421;4.895349;83.72093;86;72;2;2;0;3;3;5;2;;;0;0;0;0;0;0;0;0;0;0;0;0;0;0;0;0;0;0;0;0;0;0;0;0;0;0;0;0;0;0;0;0;0;0;0;79;72;2;2;0;0;3;3;-0.033299999999997;-0.42207799999999995;-0.43105299999999946;-0.01282051282051282;11.279070000000004;-0.24534900000000004;-0.9524850000000002;-0.009883720930232556
42;NOT DISCLOSED;NOT DISCLOSED;NOT DISCLOSED;NOT DISCLOSED;NOT DISCLOSED;NOT DISCLOSED;NOT DISCLOSED;NOT DISCLOSED;NOT DISCLOSED;NOT DISCLOSED;10;False;819;10.636364;92.207792;77;71;1;0;0;5;4;5;3;;;0;0;0;0;0;0;0;0;0;0;0;0;0;0;0;0;0;0;0;0;0;0;0;0;0;0;0;0;0;0;0;0;0;0;0;76;71;1;0;0;0;4;5;True;779;9.987179;85.897436;78;67;3;3;1;2;3;6;2;2;24;9;8;0;1;0;0;0;13;9;3;0;0;0;1;5;4;0;1;0;0;0;0;0;0;0;0;0;0;2;2;0;0;0;0;0;50;46;0;1;1;0;2;2;False;708;8.85;86.25;80;69;0;0;2;0;7;6;3;;;0;0;0;0;0;0;0;0;0;0;0;0;0;0;0;0;0;0;0;0;0;0;0;0;0;0;0;0;0;0;0;0;0;0;0;78;69;0;0;2;0;7;0;True;614;7.139535;84.883721;86;73;3;1;0;4;2;6;3;1;10;8;8;0;0;0;0;0;14;13;1;0;0;0;0;5;5;0;0;0;0;0;0;0;0;0;0;0;0;2;2;0;0;0;0;0;52;47;2;1;0;0;2;4;-6.310355999999999;-0.649185000000001;0.09165499999999938;-0.013486513486513488;-1.3662790000000058;-1.7104649999999992;-1.8499110000000005;-0.06424418604651162
43;NOT DISCLOSED;NOT DISCLOSED;NOT DISCLOSED;NOT DISCLOSED;NOT DISCLOSED;NOT DISCLOSED;NOT DISCLOSED;NOT DISCLOSED;NOT DISCLOSED;NOT DISCLOSED;50;True;646;8.38961;93.506494;77;72;1;1;0;7;2;5;3;2;60;39;38;0;0;0;0;1;6;6;0;0;0;0;0;2;1;0;1;0;0;0;0;0;0;0;0;0;0;2;2;0;0;0;0;0;29;27;1;0;0;0;1;7;False;509;6.525641;94.871795;78;74;1;0;0;7;2;5;4;;;0;0;0;0;0;0;0;0;0;0;0;0;0;0;0;0;0;0;0;0;0;0;0;0;0;0;0;0;0;0;0;0;0;0;0;77;74;1;0;0;0;2;7;True;458;5.725;93.75;80;75;0;0;1;6;2;5;4;5;70;40;38;0;0;0;0;2;7;7;0;0;0;0;0;3;3;0;0;0;0;0;0;0;0;0;0;0;0;1;1;0;0;0;0;0;28;27;0;0;1;0;0;6;False;469;5.453488;80.232558;86;69;3;3;1;7;3;6;5;;;0;0;0;0;0;0;0;0;0;0;0;0;0;0;0;0;0;0;0;0;0;0;0;0;0;0;0;0;0;0;0;0;0;0;0;79;69;3;3;1;0;3;7;-1.3653010000000023;1.863968999999999;2.0938440000000007;0.0003330003330003356;13.517442000000003;0.27151199999999953;-0.6904339999999998;-0.009883720930232556
44;NOT DISCLOSED;NOT DISCLOSED;NOT DISCLOSED;NOT DISCLOSED;NOT DISCLOSED;NOT DISCLOSED;NOT DISCLOSED;NOT DISCLOSED;NOT DISCLOSED;NOT DISCLOSED;90;False;598;7.766234;76.623377;77;59;2;2;0;2;13;4;3;;;0;0;0;0;0;0;0;0;0;0;0;0;0;0;0;0;0;0;0;0;0;0;0;0;0;0;0;0;0;0;0;0;0;0;0;76;59;2;2;0;0;13;2;True;462;5.923077;97.435897;78;76;0;0;0;1;1;4;2;5;95;69;68;0;0;0;0;1;2;2;0;0;0;0;0;1;1;0;0;0;0;0;0;0;0;0;0;0;0;0;0;0;0;0;0;0;5;5;0;0;0;0;0;1;False;577;7.2125;82.5;80;66;0;0;0;3;12;6;2;;;0;0;0;0;0;0;0;0;0;0;0;0;0;0;0;0;0;0;0;0;0;0;0;0;0;0;0;0;0;0;0;0;0;0;0;78;66;0;0;0;0;12;3;True;361;4.197674;89.534884;86;77;2;0;0;2;0;4;2;6;93;72;70;2;0;0;0;0;1;1;0;0;0;0;0;0;0;0;0;0;0;0;0;0;0;0;0;0;0;1;1;0;0;0;0;0;6;6;0;0;0;0;0;2;20.812519999999992;-1.8431569999999997;-4.056646;-0.156010656010656;7.034884000000005;-3.0148260000000002;-4.054112;-0.15
45;NOT DISCLOSED;NOT DISCLOSED;NOT DISCLOSED;NOT DISCLOSED;NOT DISCLOSED;NOT DISCLOSED;NOT DISCLOSED;NOT DISCLOSED;NOT DISCLOSED;NOT DISCLOSED;10;True;1072;13.922078;96.103896;77;74;2;0;0;3;0;6;4;1;15;7;7;0;0;0;0;0;14;13;1;0;0;0;0;5;5;0;0;0;0;0;0;0;0;0;0;0;0;2;2;0;0;0;0;0;50;49;1;0;0;0;0;3;False;759;9.730769;91.025641;78;71;4;0;0;2;2;5;3;;;0;0;0;0;0;0;0;0;0;0;0;0;0;0;0;0;0;0;0;0;0;0;0;0;0;0;0;0;0;0;0;0;0;0;0;77;71;4;0;0;0;2;2;True;804;10.05;90.0;80;72;2;0;0;4;4;6;4;3;30;7;7;0;0;0;0;0;15;11;0;0;0;0;4;5;5;0;0;0;0;0;0;0;0;0;0;0;0;2;2;0;0;0;0;0;51;49;2;0;0;0;0;4;False;674;7.837209;86.046512;86;74;3;2;0;4;0;7;6;;;0;0;0;0;0;0;0;0;0;0;0;0;0;0;0;0;0;0;0;0;0;0;0;0;0;0;0;0;0;0;0;0;0;0;0;79;74;3;2;0;0;0;4;5.078255000000013;4.191309;3.7963449999999987;-0.02564102564102564;3.953487999999993;2.212791000000001;2.0585590000000007;0.05
46;NOT DISCLOSED;NOT DISCLOSED;NOT DISCLOSED;NOT DISCLOSED;NOT DISCLOSED;NOT DISCLOSED;NOT DISCLOSED;NOT DISCLOSED;NOT DISCLOSED;NOT DISCLOSED;50;False;547;7.103896;83.116883;77;64;0;4;0;2;8;3;6;;;0;0;0;0;0;0;0;0;0;0;0;0;0;0;0;0;0;0;0;0;0;0;0;0;0;0;0;0;0;0;0;0;0;0;0;76;64;0;4;0;0;8;2;True;458;5.871795;92.307692;78;72;2;0;1;0;2;4;4;2;24;38;37;1;0;0;0;0;9;8;0;0;0;0;1;2;2;0;0;0;0;0;0;0;0;0;0;0;0;1;1;0;0;0;0;0;28;25;1;0;1;0;1;0;False;459;5.7375;82.5;80;66;0;0;0;3;12;3;4;;;0;0;0;0;0;0;0;0;0;0;0;0;0;0;0;0;0;0;0;0;0;0;0;0;0;0;0;0;0;0;0;0;0;0;0;78;66;0;0;0;0;12;3;True;323;3.755814;80.232558;86;69;1;0;0;2;9;4;3;2;16;39;38;1;0;0;0;0;7;7;0;0;0;0;0;3;3;0;0;0;0;0;0;0;0;0;0;0;0;1;1;0;0;0;0;0;30;21;0;0;0;0;9;2;9.190809000000002;-1.2321010000000001;-2.185764;-0.07825507825507827;-2.2674420000000026;-1.9816859999999998;-2.2733860000000004;-0.045348837209302315
47;NOT DISCLOSED;NOT DISCLOSED;NOT DISCLOSED;NOT DISCLOSED;NOT DISCLOSED;NOT DISCLOSED;NOT DISCLOSED;NOT DISCLOSED;NOT DISCLOSED;NOT DISCLOSED;90;True;370;4.805195;97.402597;77;75;1;0;0;4;0;2;4;4;71;68;68;0;0;0;0;0;1;0;1;0;0;0;0;0;0;0;0;0;0;0;0;0;0;0;0;0;0;1;1;0;0;0;0;0;7;7;0;0;0;0;0;4;False;478;6.128205;82.051282;78;64;9;0;0;8;4;6;3;;;0;0;0;0;0;0;0;0;0;0;0;0;0;0;0;0;0;0;0;0;0;0;0;0;0;0;0;0;0;0;0;0;0;0;0;77;64;9;0;0;0;4;8;True;339;4.2375;86.25;80;69;2;2;0;1;5;3;3;5;73;70;66;0;0;0;0;4;1;1;0;0;0;0;0;1;0;0;1;0;0;0;0;0;0;0;0;0;0;1;1;0;0;0;0;0;6;2;2;1;0;0;1;1;False;454;5.27907;82.55814;86;71;2;0;0;1;6;6;2;;;0;0;0;0;0;0;0;0;0;0;0;0;0;0;0;0;0;0;0;0;0;0;0;0;0;0;0;0;0;0;0;0;0;0;0;79;71;2;0;0;0;6;1;15.351315;-1.32301;-2.535417;-0.05128205128205128;3.6918600000000055;-1.04157;-1.4813229999999997;-0.007267441860465115
48;NOT DISCLOSED;NOT DISCLOSED;NOT DISCLOSED;NOT DISCLOSED;NOT DISCLOSED;NOT DISCLOSED;NOT DISCLOSED;NOT DISCLOSED;NOT DISCLOSED;NOT DISCLOSED;10;False;600;7.792208;89.61039;77;69;1;0;0;4;6;3;3;;;0;0;0;0;0;0;0;0;0;0;0;0;0;0;0;0;0;0;0;0;0;0;0;0;0;0;0;0;0;0;0;0;0;0;0;76;69;1;0;0;0;6;4;True;513;6.576923;89.74359;78;70;4;1;0;3;2;5;4;2;30;9;9;0;0;0;0;0;13;11;1;0;0;0;1;5;5;0;0;0;0;0;0;0;0;0;0;0;0;2;2;0;0;0;0;0;50;45;3;1;0;0;1;3;False;510;6.375;65.0;80;52;3;0;0;0;23;4;3;;;0;0;0;0;0;0;0;0;0;0;0;0;0;0;0;0;0;0;0;0;0;0;0;0;0;0;0;0;0;0;0;0;0;0;0;78;52;3;0;0;0;23;0;True;468;5.44186;80.232558;86;69;4;0;0;3;6;4;3;2;20;8;8;0;0;0;0;0;14;12;2;0;0;0;0;5;5;0;0;0;0;0;0;0;0;0;0;0;0;2;2;0;0;0;0;0;52;44;2;0;0;0;6;3;0.1332000000000022;-1.2152849999999997;-1.3670810000000007;-0.05228105228105228;15.232557999999997;-0.9331399999999999;-3.0250829999999995;-0.21773255813953485
49;NOT DISCLOSED;NOT DISCLOSED;NOT DISCLOSED;NOT DISCLOSED;NOT DISCLOSED;NOT DISCLOSED;NOT DISCLOSED;NOT DISCLOSED;NOT DISCLOSED;NOT DISCLOSED;50;True;802;10.415584;90.909091;77;70;2;1;0;6;3;3;5;4;62;39;38;0;0;0;0;1;6;4;2;0;0;0;0;2;1;0;1;0;0;0;0;0;0;0;0;0;0;2;2;0;0;0;0;0;29;27;0;0;0;0;2;6;False;754;9.666667;94.871795;78;74;1;0;1;6;1;4;6;;;0;0;0;0;0;0;0;0;0;0;0;0;0;0;0;0;0;0;0;0;0;0;0;0;0;0;0;0;0;0;0;0;0;0;0;77;74;1;0;1;0;1;6;True;750;9.375;90.0;80;72;1;1;2;3;2;4;6;4;50;40;39;0;0;0;0;1;7;6;1;0;0;0;0;3;3;0;0;0;0;0;0;0;0;0;0;0;0;1;1;0;0;0;0;0;28;24;0;1;2;0;1;3;False;716;8.325581;84.883721;86;73;3;0;0;8;3;5;6;;;0;0;0;0;0;0;0;0;0;0;0;0;0;0;0;0;0;0;0;0;0;0;0;0;0;0;0;0;0;0;0;0;0;0;0;79;73;3;0;0;0;3;8;-3.9627040000000022;0.7489170000000005;1.2679539999999996;0.02614052614052614;5.116279000000006;1.0494190000000003;0.608448000000001;-0.009883720930232556
50;NOT DISCLOSED;NOT DISCLOSED;NOT DISCLOSED;NOT DISCLOSED;NOT DISCLOSED;NOT DISCLOSED;NOT DISCLOSED;NOT DISCLOSED;NOT DISCLOSED;NOT DISCLOSED;90;False;644;8.363636;90.909091;77;70;5;0;0;6;1;4;5;;;0;0;0;0;0;0;0;0;0;0;0;0;0;0;0;0;0;0;0;0;0;0;0;0;0;0;0;0;0;0;0;0;0;0;0;76;70;5;0;0;0;1;6;True;471;6.038462;89.74359;78;70;2;2;0;2;3;3;5;6;90;69;67;1;1;0;0;0;2;0;1;0;0;0;1;1;0;0;1;0;0;0;0;0;0;0;0;0;0;0;0;0;0;0;0;0;5;3;0;0;0;0;2;2;False;515;6.4375;78.75;80;63;2;5;0;4;8;5;2;;;0;0;0;0;0;0;0;0;0;0;0;0;0;0;0;0;0;0;0;0;0;0;0;0;0;0;0;0;0;0;0;0;0;0;0;78;63;2;5;0;0;8;4;True;393;4.569767;86.046512;86;74;3;0;0;4;2;5;3;6;83;72;70;2;0;0;0;0;1;0;1;0;0;0;0;0;0;0;0;0;0;0;0;0;0;0;0;0;0;1;0;0;0;0;1;0;6;4;0;0;0;0;2;3;-1.1655010000000061;-2.3251739999999996;-2.4714289999999997;0.025474525474525476;7.296512000000007;-1.8677330000000003;-2.8637919999999992;-0.07674418604651163
51;NOT DISCLOSED;NOT DISCLOSED;NOT DISCLOSED;NOT DISCLOSED;NOT DISCLOSED;NOT DISCLOSED;NOT DISCLOSED;NOT DISCLOSED;NOT DISCLOSED;NOT DISCLOSED;10;True;1109;14.402597;50.649351;77;39;23;6;0;42;8;5;4;3;44;7;7;0;0;0;0;0;14;3;10;0;0;0;1;5;1;0;4;0;0;0;0;0;0;0;0;0;0;2;0;0;0;0;2;0;50;28;13;2;0;0;7;40;False;833;10.679487;58.974359;78;46;25;2;1;43;3;5;3;;;0;0;0;0;0;0;0;0;0;0;0;0;0;0;0;0;0;0;0;0;0;0;0;0;0;0;0;0;0;0;0;0;0;0;0;77;46;25;2;1;0;3;43;True;683;8.5375;33.75;80;27;24;4;3;30;20;4;3;3;50;7;7;0;0;0;0;0;15;3;8;1;1;0;2;5;4;0;1;0;0;0;0;0;0;0;0;0;0;2;1;0;0;0;1;0;51;13;16;2;2;0;18;29;False;494;5.744186;39.534884;86;34;19;1;1;42;24;5;5;;;0;0;0;0;0;0;0;0;0;0;0;0;0;0;0;0;0;0;0;0;0;0;0;0;0;0;0;0;0;0;0;0;0;0;0;79;34;19;1;1;0;24;42;-8.325007999999997;3.72311;10.327201000000002;0.06543456543456544;-5.784883999999998;2.7933139999999996;10.766884000000001;-0.02906976744186046
52;NOT DISCLOSED;NOT DISCLOSED;NOT DISCLOSED;NOT DISCLOSED;NOT DISCLOSED;NOT DISCLOSED;NOT DISCLOSED;NOT DISCLOSED;NOT DISCLOSED;NOT DISCLOSED;50;False;789;10.246753;92.207792;77;71;4;1;0;21;0;2;5;;;0;0;0;0;0;0;0;0;0;0;0;0;0;0;0;0;0;0;0;0;0;0;0;0;0;0;0;0;0;0;0;0;0;0;0;76;71;4;1;0;0;0;21;True;783;10.038462;94.871795;78;74;1;0;1;9;1;2;2;4;66;38;35;1;0;1;0;1;9;9;0;0;0;0;0;2;2;0;0;0;0;0;0;0;0;0;0;0;0;1;1;0;0;0;0;0;28;28;0;0;0;0;0;9;False;707;8.8375;80.0;80;64;9;0;2;16;3;3;2;;;0;0;0;0;0;0;0;0;0;0;0;0;0;0;0;0;0;0;0;0;0;0;0;0;0;0;0;0;0;0;0;0;0;0;0;78;64;9;0;2;0;3;16;True;550;6.395349;83.72093;86;72;6;0;0;9;1;2;4;5;70;39;38;1;0;0;0;0;7;3;4;0;0;0;0;3;3;0;0;0;0;0;0;0;0;0;0;0;0;1;1;0;0;0;0;0;30;28;1;0;0;0;1;9;2.664003000000008;-0.20829099999999912;-0.5315950000000011;0.01282051282051282;3.7209299999999956;-2.442151;-3.407986;-0.025872093023255813
53;NOT DISCLOSED;NOT DISCLOSED;NOT DISCLOSED;NOT DISCLOSED;NOT DISCLOSED;NOT DISCLOSED;NOT DISCLOSED;NOT DISCLOSED;NOT DISCLOSED;NOT DISCLOSED;90;True;471;6.116883;98.701299;77;76;0;0;0;15;0;2;5;3;65;68;68;0;0;0;0;0;1;1;0;0;0;0;0;0;0;0;0;0;0;0;0;0;0;0;0;0;0;1;1;0;0;0;0;0;7;7;0;0;0;0;0;15;False;642;8.230769;91.025641;78;71;1;0;1;1;4;3;2;;;0;0;0;0;0;0;0;0;0;0;0;0;0;0;0;0;0;0;0;0;0;0;0;0;0;0;0;0;0;0;0;0;0;0;0;77;71;1;0;1;0;4;1;True;392;4.9;90.0;80;72;1;0;2;6;3;4;5;2;32;70;66;0;0;2;0;2;1;0;1;0;0;0;0;1;1;0;0;0;0;0;0;0;0;0;0;0;0;1;1;0;0;0;0;0;6;5;0;0;0;0;1;6;False;506;5.883721;83.72093;86;72;5;1;0;8;1;3;2;;;0;0;0;0;0;0;0;0;0;0;0;0;0;0;0;0;0;0;0;0;0;0;0;0;0;0;0;0;0;0;0;0;0;0;0;79;72;5;1;0;0;1;8;7.675658000000013;-2.113886000000001;-2.844886;-0.05128205128205128;6.279070000000004;-0.9837210000000001;-1.5833339999999998;0.025872093023255813
54;NOT DISCLOSED;NOT DISCLOSED;NOT DISCLOSED;NOT DISCLOSED;NOT DISCLOSED;NOT DISCLOSED;NOT DISCLOSED;NOT DISCLOSED;NOT DISCLOSED;NOT DISCLOSED;10;False;1291;16.766234;97.402597;77;75;0;1;0;1;0;3;3;;;0;0;0;0;0;0;0;0;0;0;0;0;0;0;0;0;0;0;0;0;0;0;0;0;0;0;0;0;0;0;0;0;0;0;0;76;75;0;1;0;0;0;1;True;1205;15.448718;98.717949;78;77;0;0;0;1;0;4;3;3;40;9;9;0;0;0;0;0;13;13;0;0;0;0;0;5;5;0;0;0;0;0;0;0;0;0;0;0;0;2;2;0;0;0;0;0;50;50;0;0;0;0;0;1;False;797;9.9625;88.75;80;71;3;0;0;1;4;3;4;;;0;0;0;0;0;0;0;0;0;0;0;0;0;0;0;0;0;0;0;0;0;0;0;0;0;0;0;0;0;0;0;0;0;0;0;78;71;3;0;0;0;4;1;True;703;8.174419;73.255814;86;63;5;0;0;4;11;5;3;3;40;8;4;1;0;0;0;3;14;12;1;0;0;0;1;5;3;0;0;0;0;2;0;0;0;0;0;0;0;2;2;0;0;0;0;0;52;44;3;0;0;0;5;4;1.3153520000000043;-1.3175160000000012;-1.5639819999999993;0.0;-15.494186;-1.788081;-0.06662200000000063;0.07790697674418605
55;NOT DISCLOSED;NOT DISCLOSED;NOT DISCLOSED;NOT DISCLOSED;NOT DISCLOSED;NOT DISCLOSED;NOT DISCLOSED;NOT DISCLOSED;NOT DISCLOSED;NOT DISCLOSED;50;True;850;11.038961;81.818182;77;63;7;1;0;5;5;3;5;4;74;39;38;1;0;0;0;0;6;3;3;0;0;0;0;2;1;0;1;0;0;0;0;0;0;0;0;0;0;2;1;0;0;0;1;0;29;21;3;0;0;0;5;4;False;1094;14.025641;89.74359;78;70;3;0;1;3;3;5;4;;;0;0;0;0;0;0;0;0;0;0;0;0;0;0;0;0;0;0;0;0;0;0;0;0;0;0;0;0;0;0;0;0;0;0;0;77;70;3;0;1;0;3;3;True;931;11.6375;95.0;80;76;0;0;0;4;2;3;2;5;71;40;40;0;0;0;0;0;7;7;0;0;0;0;0;3;3;0;0;0;0;0;0;0;0;0;0;0;0;1;1;0;0;0;0;0;28;26;0;0;0;0;2;4;False;874;10.162791;46.511628;86;40;7;2;1;2;29;5;2;;;0;0;0;0;0;0;0;0;0;0;0;0;0;0;0;0;0;0;0;0;0;0;0;0;0;0;0;0;0;0;0;0;0;0;0;79;40;7;2;1;0;29;2;-7.9254080000000044;-2.98668;-2.136508000000001;0.026473526473526465;48.488372;1.474708999999999;-9.600000000000001;-0.31220930232558136
56;NOT DISCLOSED;NOT DISCLOSED;NOT DISCLOSED;NOT DISCLOSED;NOT DISCLOSED;NOT DISCLOSED;NOT DISCLOSED;NOT DISCLOSED;NOT DISCLOSED;NOT DISCLOSED;90;False;518;6.727273;88.311688;77;68;4;0;0;8;4;2;6;;;0;0;0;0;0;0;0;0;0;0;0;0;0;0;0;0;0;0;0;0;0;0;0;0;0;0;0;0;0;0;0;0;0;0;0;76;68;4;0;0;0;4;8;True;381;4.884615;96.153846;78;75;0;0;1;5;1;2;3;6;70;69;68;0;0;1;0;0;2;2;0;0;0;0;0;1;1;0;0;0;0;0;0;0;0;0;0;0;0;0;0;0;0;0;0;0;5;4;0;0;0;0;1;5;False;564;7.05;77.5;80;62;3;0;2;5;11;3;4;;;0;0;0;0;0;0;0;0;0;0;0;0;0;0;0;0;0;0;0;0;0;0;0;0;0;0;0;0;0;0;0;0;0;0;0;78;62;3;0;2;0;11;5;True;343;3.988372;86.046512;86;74;3;0;0;9;2;2;4;3;30;72;70;2;0;0;0;0;1;1;0;0;0;0;0;0;0;0;0;0;0;0;0;0;0;0;0;0;0;1;1;0;0;0;0;0;6;3;1;0;0;0;2;9;7.842157999999998;-1.8426580000000001;-2.5376469999999998;-0.039127539127539135;8.546512000000007;-3.061628;-4.461639;-0.11424418604651164
57;NOT DISCLOSED;NOT DISCLOSED;NOT DISCLOSED;NOT DISCLOSED;NOT DISCLOSED;NOT DISCLOSED;NOT DISCLOSED;NOT DISCLOSED;NOT DISCLOSED;NOT DISCLOSED;10;True;575;7.467532;80.519481;77;62;14;0;0;7;0;2;4;2;50;7;6;1;0;0;0;0;14;8;6;0;0;0;0;5;5;0;0;0;0;0;0;0;0;0;0;0;0;2;2;0;0;0;0;0;50;43;7;0;0;0;0;7;False;530;6.794872;93.589744;78;73;1;0;1;5;2;4;2;;;0;0;0;0;0;0;0;0;0;0;0;0;0;0;0;0;0;0;0;0;0;0;0;0;0;0;0;0;0;0;0;0;0;0;0;77;73;1;0;1;0;2;5;True;578;7.225;83.75;80;67;4;0;1;2;6;5;3;3;50;7;7;0;0;0;0;0;15;13;2;0;0;0;0;5;5;0;0;0;0;0;0;0;0;0;0;0;0;2;2;0;0;0;0;0;51;42;2;0;1;0;6;2;False;404;4.697674;79.069767;86;68;4;0;0;2;7;4;2;;;0;0;0;0;0;0;0;0;0;0;0;0;0;0;0;0;0;0;0;0;0;0;0;0;0;0;0;0;0;0;0;0;0;0;0;79;68;4;0;0;0;7;2;-13.070262999999997;0.6726600000000005;2.0139199999999997;-0.02564102564102564;4.680233000000001;2.5273259999999995;2.68569;-0.006395348837209311
58;NOT DISCLOSED;NOT DISCLOSED;NOT DISCLOSED;NOT DISCLOSED;NOT DISCLOSED;NOT DISCLOSED;NOT DISCLOSED;NOT DISCLOSED;NOT DISCLOSED;NOT DISCLOSED;50;False;331;4.298701;90.909091;77;70;0;0;0;2;6;3;2;;;0;0;0;0;0;0;0;0;0;0;0;0;0;0;0;0;0;0;0;0;0;0;0;0;0;0;0;0;0;0;0;0;0;0;0;76;70;0;0;0;0;6;2;True;361;4.628205;91.025641;78;71;1;0;0;0;5;4;2;6;86;38;37;0;0;0;0;1;9;8;1;0;0;0;0;2;2;0;0;0;0;0;0;0;0;0;0;0;0;1;1;0;0;0;0;0;28;24;0;0;0;0;4;0;False;447;5.5875;86.25;80;69;0;0;0;0;9;2;4;;;0;0;0;0;0;0;0;0;0;0;0;0;0;0;0;0;0;0;0;0;0;0;0;0;0;0;0;0;0;0;0;0;0;0;0;78;69;0;0;0;0;9;0;True;378;4.395349;82.55814;86;71;5;0;0;6;3;4;2;6;94;39;38;1;0;0;0;0;7;5;2;0;0;0;0;3;3;0;0;0;0;0;0;0;0;0;0;0;0;1;1;0;0;0;0;0;30;25;2;0;0;0;3;6;0.1165499999999895;0.329504;0.3559360000000007;-0.013819513819513823;-3.6918600000000055;-1.192151;-1.1543169999999998;-0.07761627906976745
59;NOT DISCLOSED;NOT DISCLOSED;NOT DISCLOSED;NOT DISCLOSED;NOT DISCLOSED;NOT DISCLOSED;NOT DISCLOSED;NOT DISCLOSED;NOT DISCLOSED;NOT DISCLOSED;90;True;956;12.415584;97.402597;77;75;1;0;0;6;0;4;4;5;60;68;67;1;0;0;0;0;1;1;0;0;0;0;0;0;0;0;0;0;0;0;0;0;0;0;0;0;0;1;1;0;0;0;0;0;7;7;0;0;0;0;0;6;False;1245;15.961538;96.153846;78;75;0;0;0;5;2;4;4;;;0;0;0;0;0;0;0;0;0;0;0;0;0;0;0;0;0;0;0;0;0;0;0;0;0;0;0;0;0;0;0;0;0;0;0;77;75;0;0;0;0;2;5;True;1020;12.75;91.25;80;73;1;0;0;1;4;3;4;6;78;70;67;0;0;0;0;3;1;0;0;0;0;0;1;1;1;0;0;0;0;0;0;0;0;0;0;0;0;1;1;0;0;0;0;0;6;5;1;0;0;0;0;1;False;849;9.872093;88.372093;86;76;3;0;0;5;0;4;5;;;0;0;0;0;0;0;0;0;0;0;0;0;0;0;0;0;0;0;0;0;0;0;0;0;0;0;0;0;0;0;0;0;0;0;0;79;76;3;0;0;0;0;5;1.2487509999999986;-3.5459539999999983;-3.853333000000001;-0.02564102564102564;2.8779069999999933;2.8779070000000004;2.801549999999999;0.05
60;NOT DISCLOSED;NOT DISCLOSED;NOT DISCLOSED;NOT DISCLOSED;NOT DISCLOSED;NOT DISCLOSED;NOT DISCLOSED;NOT DISCLOSED;NOT DISCLOSED;NOT DISCLOSED;10;False;1256;16.311688;79.220779;77;61;7;0;0;9;8;4;3;;;0;0;0;0;0;0;0;0;0;0;0;0;0;0;0;0;0;0;0;0;0;0;0;0;0;0;0;0;0;0;0;0;0;0;0;76;61;7;0;0;0;8;9;True;943;12.089744;87.179487;78;68;6;1;0;6;2;5;1;3;31;9;9;0;0;0;0;0;13;8;5;0;0;0;0;5;4;0;1;0;0;0;0;0;0;0;0;0;0;2;2;0;0;0;0;0;50;47;1;0;0;0;2;6;False;988;12.35;83.75;80;67;4;0;1;3;6;5;2;;;0;0;0;0;0;0;0;0;0;0;0;0;0;0;0;0;0;0;0;0;0;0;0;0;0;0;0;0;0;0;0;0;0;0;0;78;67;4;0;1;0;6;3;True;667;7.755814;74.418605;86;64;9;4;2;11;0;6;3;5;9;8;7;1;0;0;0;0;14;9;4;0;1;0;0;5;4;0;1;0;0;0;0;0;0;0;0;0;0;2;1;0;0;0;1;0;52;44;4;3;1;0;0;10;7.9587080000000014;-4.221944000000001;-6.722517000000002;-0.07825507825507827;-9.331395;-4.594186;-4.324394;-0.075
61;NOT DISCLOSED;NOT DISCLOSED;NOT DISCLOSED;NOT DISCLOSED;NOT DISCLOSED;NOT DISCLOSED;NOT DISCLOSED;NOT DISCLOSED;NOT DISCLOSED;NOT DISCLOSED;50;True;772;10.025974;94.805195;77;73;0;0;0;2;3;2;2;3;69;39;39;0;0;0;0;0;6;6;0;0;0;0;0;2;2;0;0;0;0;0;0;0;0;0;0;0;0;2;2;0;0;0;0;0;29;26;0;0;0;0;3;2;False;686;8.794872;93.589744;78;73;1;0;0;1;3;5;4;;;0;0;0;0;0;0;0;0;0;0;0;0;0;0;0;0;0;0;0;0;0;0;0;0;0;0;0;0;0;0;0;0;0;0;0;77;73;1;0;0;0;3;1;True;648;8.1;88.75;80;71;1;1;0;1;5;4;3;3;58;40;38;0;0;0;0;2;7;6;1;0;0;0;0;3;1;0;1;0;0;1;0;0;0;0;0;0;0;1;1;0;0;0;0;0;28;26;0;0;0;0;2;1;False;526;6.116279;84.883721;86;73;3;0;0;5;3;5;5;;;0;0;0;0;0;0;0;0;0;0;0;0;0;0;0;0;0;0;0;0;0;0;0;0;0;0;0;0;0;0;0;0;0;0;0;79;73;3;0;0;0;3;5;1.2154510000000016;1.231102;1.1780819999999999;0.0004995004995004965;3.866279000000006;1.983721;1.9212819999999997;0.027616279069767442
62;NOT DISCLOSED;NOT DISCLOSED;NOT DISCLOSED;NOT DISCLOSED;NOT DISCLOSED;NOT DISCLOSED;NOT DISCLOSED;NOT DISCLOSED;NOT DISCLOSED;NOT DISCLOSED;90;False;703;9.12987;93.506494;77;72;0;1;0;2;3;6;3;;;0;0;0;0;0;0;0;0;0;0;0;0;0;0;0;0;0;0;0;0;0;0;0;0;0;0;0;0;0;0;0;0;0;0;0;76;72;0;1;0;0;3;2;True;659;8.448718;94.871795;78;74;0;0;0;0;3;4;3;5;91;69;66;0;0;0;0;3;2;2;0;0;0;0;0;1;1;0;0;0;0;0;0;0;0;0;0;0;0;0;0;0;0;0;0;0;5;5;0;0;0;0;0;0;False;598;7.475;78.75;80;63;3;2;0;0;10;5;2;;;0;0;0;0;0;0;0;0;0;0;0;0;0;0;0;0;0;0;0;0;0;0;0;0;0;0;0;0;0;0;0;0;0;0;0;78;63;3;2;0;0;10;0;True;624;7.255814;83.72093;86;72;5;0;0;2;2;6;2;6;92;72;66;5;0;0;0;1;1;1;0;0;0;0;0;0;0;0;0;0;0;0;0;0;0;0;0;0;0;1;1;0;0;0;0;0;6;5;0;0;0;0;1;2;1.3653010000000023;-0.6811520000000009;-0.8584840000000007;-0.0004995004995004965;4.970929999999996;-0.21918599999999966;-0.8253959999999996;-0.10174418604651163
63;NOT DISCLOSED;NOT DISCLOSED;NOT DISCLOSED;NOT DISCLOSED;NOT DISCLOSED;NOT DISCLOSED;NOT DISCLOSED;NOT DISCLOSED;NOT DISCLOSED;NOT DISCLOSED;10;True;613;7.961039;90.909091;77;70;1;0;0;2;5;3;4;4;65;7;7;0;0;0;0;0;14;13;0;0;0;0;1;5;5;0;0;0;0;0;0;0;0;0;0;0;0;2;2;0;0;0;0;0;50;45;1;0;0;0;4;2;False;442;5.666667;92.307692;78;72;2;0;0;2;3;3;3;;;0;0;0;0;0;0;0;0;0;0;0;0;0;0;0;0;0;0;0;0;0;0;0;0;0;0;0;0;0;0;0;0;0;0;0;77;72;2;0;0;0;3;2;True;445;5.5625;87.5;80;70;2;0;0;5;6;3;4;2;32;7;7;0;0;0;0;0;15;14;0;0;0;0;1;5;5;0;0;0;0;0;0;0;0;0;0;0;0;2;2;0;0;0;0;0;51;44;2;0;0;0;5;5;False;366;4.255814;86.046512;86;74;2;0;0;4;3;3;3;;;0;0;0;0;0;0;0;0;0;0;0;0;0;0;0;0;0;0;0;0;0;0;0;0;0;0;0;0;0;0;0;0;0;0;0;79;74;2;0;0;0;3;4;-1.3986009999999993;2.294372;2.6182539999999994;0.026473526473526465;1.453487999999993;1.306686;1.4111969999999996;0.04011627906976744
64;NOT DISCLOSED;NOT DISCLOSED;NOT DISCLOSED;NOT DISCLOSED;NOT DISCLOSED;NOT DISCLOSED;NOT DISCLOSED;NOT DISCLOSED;NOT DISCLOSED;NOT DISCLOSED;50;False;643;8.350649;96.103896;77;74;2;0;0;9;0;2;3;;;0;0;0;0;0;0;0;0;0;0;0;0;0;0;0;0;0;0;0;0;0;0;0;0;0;0;0;0;0;0;0;0;0;0;0;76;74;2;0;0;0;0;9;True;843;10.807692;97.435897;78;76;0;0;0;5;1;2;3;5;69;38;38;0;0;0;0;0;9;9;0;0;0;0;0;2;2;0;0;0;0;0;0;0;0;0;0;0;0;1;1;0;0;0;0;0;28;27;0;0;0;0;1;5;False;820;10.25;95.0;80;76;0;1;0;7;1;3;3;;;0;0;0;0;0;0;0;0;0;0;0;0;0;0;0;0;0;0;0;0;0;0;0;0;0;0;0;0;0;0;0;0;0;0;0;78;76;0;1;0;0;1;7;True;633;7.360465;84.883721;86;73;3;3;0;7;0;3;3;5;71;39;39;0;0;0;0;0;7;5;1;1;0;0;0;3;3;0;0;0;0;0;0;0;0;0;0;0;0;1;1;0;0;0;0;0;30;26;2;2;0;0;0;7;1.332000999999991;2.4570429999999988;2.4029159999999994;0.01282051282051282;-10.116279000000006;-2.8895350000000004;-2.1182409999999994;-0.0125
65;NOT DISCLOSED;NOT DISCLOSED;NOT DISCLOSED;NOT DISCLOSED;NOT DISCLOSED;NOT DISCLOSED;NOT DISCLOSED;NOT DISCLOSED;NOT DISCLOSED;NOT DISCLOSED;90;True;1180;15.324675;98.701299;77;76;0;0;0;3;0;4;2;6;95;68;68;0;0;0;0;0;1;1;0;0;0;0;0;0;0;0;0;0;0;0;0;0;0;0;0;0;0;1;1;0;0;0;0;0;7;7;0;0;0;0;0;3;False;1090;13.974359;96.153846;78;75;0;0;0;3;2;3;1;;;0;0;0;0;0;0;0;0;0;0;0;0;0;0;0;0;0;0;0;0;0;0;0;0;0;0;0;0;0;0;0;0;0;0;0;77;75;0;0;0;0;2;3;True;740;9.25;91.25;80;73;0;0;0;3;5;3;4;6;80;70;66;0;0;0;0;4;1;1;0;0;0;0;0;1;1;0;0;0;0;0;0;0;0;0;0;0;0;1;1;0;0;0;0;0;6;5;0;0;0;0;1;3;False;773;8.988372;87.209302;86;75;3;1;0;6;0;5;2;;;0;0;0;0;0;0;0;0;0;0;0;0;0;0;0;0;0;0;0;0;0;0;0;0;0;0;0;0;0;0;0;0;0;0;0;79;75;3;1;0;0;0;6;2.5474530000000044;1.3503159999999994;0.9929829999999988;-0.02564102564102564;4.040698000000006;0.26162799999999997;-0.16968099999999886;0.0625
